"","p_val","avg_logFC","pct.1","pct.2","p_val_adj","cluster","gene"
"RPS12",2.0086287074701e-140,0.725673812389474,1,0.991,2.7546334094245e-136,"Naive CD4 T","RPS12"
"RPS27",2.6240746974974e-140,0.724284664457209,0.999,0.992,3.59865604014793e-136,"Naive CD4 T","RPS27"
"RPS6",1.28016867716637e-138,0.674263013155929,1,0.995,1.75562332386596e-134,"Naive CD4 T","RPS6"
"RPL32",4.3588225187774e-135,0.612102687168706,0.999,0.995,5.97768920225133e-131,"Naive CD4 T","RPL32"
"RPS14",3.61879283344212e-128,0.617975585126337,1,0.994,4.96281249178252e-124,"Naive CD4 T","RPS14"
"CYBA",1.09033678935918e-124,-1.57393546510805,0.661,0.914,1.49528787292718e-120,"Naive CD4 T","CYBA"
"RPS25",5.61200678432974e-124,0.750693573733954,0.997,0.975,7.6963061040298e-120,"Naive CD4 T","RPS25"
"RPL9",2.51336979968183e-118,0.751822116787399,0.994,0.972,3.44683534328366e-114,"Naive CD4 T","RPL9"
"CD74",5.8006461890005e-117,-2.68373173042592,0.677,0.904,7.95500618359529e-113,"Naive CD4 T","CD74"
"RPL13",3.04883886594082e-116,0.56791969638061,1,0.996,4.18117762075124e-112,"Naive CD4 T","RPL13"
"RPL31",6.67039632929409e-114,0.734297731712617,0.996,0.964,9.14778152599392e-110,"Naive CD4 T","RPL31"
"RPS3",1.13202034354008e-113,0.598147718196766,1,0.994,1.55245269913087e-109,"Naive CD4 T","RPS3"
"HLA-DRB1",1.71657353334076e-112,-3.04340369258435,0.102,0.588,2.35410894362352e-108,"Naive CD4 T","HLA-DRB1"
"RPL3",3.52208196522425e-112,0.607070596977499,0.997,0.995,4.83018320710854e-108,"Naive CD4 T","RPL3"
"RPL21",1.45516672674457e-109,0.667766603872963,0.997,0.991,1.9956156490575e-105,"Naive CD4 T","RPL21"
"RPS3A",1.07514764099659e-108,0.775465883605237,0.991,0.977,1.47445747486272e-104,"Naive CD4 T","RPS3A"
"RPL30",6.58559950946252e-108,0.658244861685826,0.997,0.98,9.0314911672769e-104,"Naive CD4 T","RPL30"
"LDHB",1.96303122414554e-107,1.05325892910064,0.901,0.594,2.69210102079319e-103,"Naive CD4 T","LDHB"
"HLA-DRA",1.48849501127316e-105,-3.71420056964569,0.26,0.668,2.04132205846001e-101,"Naive CD4 T","HLA-DRA"
"HLA-DPB1",5.6095794131936e-104,-2.88503389525813,0.195,0.635,7.69297720725371e-100,"Naive CD4 T","HLA-DPB1"
"S100A4",9.35993579305557e-104,-1.80012373075637,0.683,0.859,1.28362159465964e-99,"Naive CD4 T","S100A4"
"RPS15A",2.96667050833021e-103,0.62087967678143,0.997,0.983,4.06849193512405e-99,"Naive CD4 T","RPS15A"
"RPLP2",6.9762684498301e-101,0.587042522914841,1,0.99,9.56725455209699e-97,"Naive CD4 T","RPLP2"
"HLA-DPA1",1.56536079178481e-99,-2.77576829287002,0.172,0.609,2.14673578985369e-95,"Naive CD4 T","HLA-DPA1"
"RPS27A",4.35176051683452e-98,0.736139292716238,0.994,0.967,5.96800437278686e-94,"Naive CD4 T","RPS27A"
"MALAT1",1.74586165097291e-97,0.675589659013922,1,0.999,2.39427466814425e-93,"Naive CD4 T","MALAT1"
"EEF1A1",4.2292178056119e-96,0.524326796987417,0.994,0.991,5.79994929861615e-92,"Naive CD4 T","EEF1A1"
"RPS13",2.67703226618779e-93,0.679222000635666,0.984,0.962,3.67128204984993e-89,"Naive CD4 T","RPS13"
"RPL13A",6.59028930920087e-93,0.478324358852414,1,0.999,9.03792275863807e-89,"Naive CD4 T","RPL13A"
"RPL27A",2.9944984672887e-92,0.536840991926407,0.999,0.988,4.10665519803972e-88,"Naive CD4 T","RPL27A"
"OAZ1",5.98787712622311e-92,-1.31953309072863,0.818,0.946,8.21177469090237e-88,"Naive CD4 T","OAZ1"
"LGALS1",7.19078890587312e-92,-2.86708343157196,0.172,0.586,9.8614479055144e-88,"Naive CD4 T","LGALS1"
"RPS18",1.81247859612925e-91,0.514122567291635,1,0.996,2.48563314673166e-87,"Naive CD4 T","RPS18"
"CLIC1",8.44982514851784e-89,-1.4229959886373,0.346,0.753,1.15880902086774e-84,"Naive CD4 T","CLIC1"
"RPL11",1.16877459524714e-88,0.456875926298408,1,0.995,1.60285747992193e-84,"Naive CD4 T","RPL11"
"RPS29",1.28405832381704e-88,0.743903581907511,0.99,0.904,1.76095758528268e-84,"Naive CD4 T","RPS29"
"HLA-DRB5",3.74707942671711e-88,-2.41670214929312,0.04,0.463,5.13874472579985e-84,"Naive CD4 T","HLA-DRB5"
"RPS28",5.22237153082483e-88,0.626007262524537,0.991,0.969,7.16196031737317e-84,"Naive CD4 T","RPS28"
"RPL35A",1.3125725114265e-87,0.560736590425263,0.997,0.981,1.8000619421703e-83,"Naive CD4 T","RPL35A"
"RPL23A",4.05118350478899e-86,0.564997141363801,1,0.988,5.55579305846763e-82,"Naive CD4 T","RPL23A"
"RPS23",1.01428789732242e-84,0.570326985672692,0.997,0.977,1.39099442238797e-80,"Naive CD4 T","RPS23"
"SH3BGRL3",1.87484141481696e-84,-1.12505918478231,0.736,0.903,2.57115751627997e-80,"Naive CD4 T","SH3BGRL3"
"CCR7",1.60679619790529e-82,1.33004009963338,0.436,0.11,2.20356030580731e-78,"Naive CD4 T","CCR7"
"TPT1",1.56505726893946e-80,0.580632858743351,0.996,0.982,2.14631953862358e-76,"Naive CD4 T","TPT1"
"SRGN",1.37358409072596e-79,-1.62354996107111,0.343,0.691,1.88373322202158e-75,"Naive CD4 T","SRGN"
"RPS20",2.70524601703195e-79,0.665638564537781,0.987,0.943,3.70997438775762e-75,"Naive CD4 T","RPS20"
"ACTB",9.34372767196297e-79,-0.887864618751438,0.99,0.994,1.281398812933e-74,"Naive CD4 T","ACTB"
"CD3D",4.19808148840892e-77,0.951977922175256,0.838,0.406,5.75724895320399e-73,"Naive CD4 T","CD3D"
"TYROBP",5.41173702837628e-77,-3.54527457050994,0.128,0.495,7.42165616071524e-73,"Naive CD4 T","TYROBP"
"RPS4X",1.09837155670168e-76,0.495689528642687,0.997,0.992,1.50630675286068e-72,"Naive CD4 T","RPS4X"
"RPL5",1.94182793909787e-76,0.593293803229551,0.989,0.969,2.66302283567881e-72,"Naive CD4 T","RPL5"
"RPS16",7.99348438491102e-74,0.529040551854129,0.996,0.982,1.0962264485467e-69,"Naive CD4 T","RPS16"
"SAT1",5.72165415601959e-73,-2.00454295121069,0.353,0.676,7.84667650956526e-69,"Naive CD4 T","SAT1"
"FTH1",2.05770823967196e-72,-1.96857857878029,0.984,0.992,2.82194107988613e-68,"Naive CD4 T","FTH1"
"FCER1G",3.49439289576808e-72,-2.85102480530795,0.095,0.453,4.79221041725634e-68,"Naive CD4 T","FCER1G"
"S100A11",1.41353674705568e-71,-1.91708078751043,0.271,0.618,1.93852429491217e-67,"Naive CD4 T","S100A11"
"ARPC3",4.20009315186038e-71,-1.02786294514749,0.654,0.876,5.76000774846132e-67,"Naive CD4 T","ARPC3"
"RPL19",4.62480669512755e-68,0.382699052258681,0.999,0.993,6.34245990169792e-64,"Naive CD4 T","RPL19"
"RPL10",4.09913319236805e-67,0.346241030352796,1,0.997,5.62155126001355e-63,"Naive CD4 T","RPL10"
"RPL10A",7.53757497532706e-67,0.507297286494476,0.991,0.985,1.03370303211635e-62,"Naive CD4 T","RPL10A"
"FTL",1.5644959000699e-66,-2.29755454430065,0.971,0.996,2.14554967735586e-62,"Naive CD4 T","FTL"
"ANXA2",3.730564348459e-66,-1.52859985148117,0.166,0.535,5.11609594747668e-62,"Naive CD4 T","ANXA2"
"RPSA",9.3421630349481e-66,0.566668034360436,0.989,0.948,1.28118423861278e-61,"Naive CD4 T","RPSA"
"TYMP",3.28446915293804e-63,-2.20804922184384,0.102,0.437,4.50432099633922e-59,"Naive CD4 T","TYMP"
"CST3",3.20251828350835e-61,-3.53400702542556,0.168,0.481,4.39193357400336e-57,"Naive CD4 T","CST3"
"RPS5",5.27484515533963e-61,0.500965502560178,0.99,0.975,7.23392264603276e-57,"Naive CD4 T","RPS5"
"RPS10",7.14787019865649e-60,0.525549330190637,0.987,0.97,9.80258919043751e-56,"Naive CD4 T","RPS10"
"RPL14",8.30573784057267e-60,0.418100574432997,0.994,0.985,1.13904888745614e-55,"Naive CD4 T","RPL14"
"MYL6",1.61502135335073e-59,-0.906220953350607,0.753,0.888,2.21484028398519e-55,"Naive CD4 T","MYL6"
"LST1",6.88138343174722e-58,-2.73908734044764,0.128,0.439,9.43712923829813e-54,"Naive CD4 T","LST1"
"S100A6",2.89625520942326e-56,-1.38133214481289,0.712,0.808,3.97192439420306e-52,"Naive CD4 T","S100A6"
"RPS15",5.46129188900251e-56,0.39502327269967,0.999,0.989,7.48961569657804e-52,"Naive CD4 T","RPS15"
"PSAP",8.14708610987491e-56,-1.71140772499029,0.301,0.584,1.11729138910825e-51,"Naive CD4 T","PSAP"
"RPL18",8.31864401771198e-56,0.506359400069799,0.997,0.979,1.14081884058902e-51,"Naive CD4 T","RPL18"
"NPM1",1.85808149518436e-55,0.728152984165978,0.91,0.801,2.54817296249583e-51,"Naive CD4 T","NPM1"
"RPLP0",2.60933554757197e-55,0.515345452050096,0.984,0.939,3.5784427699402e-51,"Naive CD4 T","RPLP0"
"RPL36",3.24523993888112e-55,0.521840211886563,0.984,0.95,4.45052205218157e-51,"Naive CD4 T","RPL36"
"GSTP1",6.05449495451717e-55,-1.71279848716116,0.23,0.543,8.30313438062485e-51,"Naive CD4 T","GSTP1"
"CD3E",2.31605410601754e-54,0.86552418540668,0.726,0.399,3.17623660099245e-50,"Naive CD4 T","CD3E"
"HLA-DQB1",2.90568042980521e-54,-2.08444682534715,0.024,0.318,3.98485014143486e-50,"Naive CD4 T","HLA-DQB1"
"CTSS",1.40328282490993e-53,-1.8754834552581,0.331,0.591,1.92446206608148e-49,"Naive CD4 T","CTSS"
"S100A9",1.84630149124656e-53,-4.37692040527248,0.141,0.435,2.53201786509553e-49,"Naive CD4 T","S100A9"
"HLA-DMA",8.2170963882392e-53,-1.71204075721616,0.046,0.345,1.12689259868312e-48,"Naive CD4 T","HLA-DMA"
"RPL4",1.75774891825721e-51,0.522468386455536,0.99,0.957,2.41057686649794e-47,"Naive CD4 T","RPL4"
"PFN1",1.40807079770192e-50,-0.706182973378943,0.915,0.956,1.93102829196842e-46,"Naive CD4 T","PFN1"
"GAPDH",1.47744305743146e-50,-0.942371662344058,0.789,0.873,2.02616540896151e-46,"Naive CD4 T","GAPDH"
"NOSIP",3.19155506230376e-50,0.999223170953864,0.628,0.358,4.37689861244337e-46,"Naive CD4 T","NOSIP"
"ARPC1B",6.21879431432998e-50,-1.02703718545722,0.604,0.8,8.52845452267214e-46,"Naive CD4 T","ARPC1B"
"COTL1",8.28197051955879e-50,-1.64268507548131,0.475,0.685,1.13578943705229e-45,"Naive CD4 T","COTL1"
"HLA-DQA1",1.81666102379686e-49,-2.15701737119034,0.02,0.29,2.49136892803501e-45,"Naive CD4 T","HLA-DQA1"
"PYCARD",1.86945177602081e-49,-1.47660442845079,0.149,0.451,2.56376616563493e-45,"Naive CD4 T","PYCARD"
"SPI1",2.2791795250398e-49,-1.62383407956593,0.017,0.284,3.12566680063958e-45,"Naive CD4 T","SPI1"
"LEF1",3.32486631068648e-49,1.05264401088065,0.336,0.104,4.55972165847544e-45,"Naive CD4 T","LEF1"
"RPL36A",2.40328207365915e-48,0.55799179331489,0.956,0.89,3.29586103581615e-44,"Naive CD4 T","RPL36A"
"ARPC2",2.66387783229522e-48,-0.734276799322475,0.679,0.846,3.65324205920966e-44,"Naive CD4 T","ARPC2"
"EEF1B2",2.0996668659716e-47,0.543314332286325,0.94,0.869,2.87948313999345e-43,"Naive CD4 T","EEF1B2"
"RPL22",2.86104068298197e-47,0.646820076974598,0.901,0.78,3.92363119264148e-43,"Naive CD4 T","RPL22"
"RPL7",8.79732427513188e-47,0.535706633211644,0.977,0.968,1.20646505109159e-42,"Naive CD4 T","RPL7"
"RPS8",1.80447152230133e-46,0.430352891333024,0.997,0.984,2.47465224568405e-42,"Naive CD4 T","RPS8"
"CD68",2.07346800823515e-46,-1.62857340561515,0.03,0.292,2.84355402649369e-42,"Naive CD4 T","CD68"
"LGALS3",1.1770107291963e-45,-1.67257253290858,0.05,0.317,1.61415251401981e-41,"Naive CD4 T","LGALS3"
"S100A8",8.66962870809269e-45,-3.8982173042065,0.083,0.346,1.18895288102783e-40,"Naive CD4 T","S100A8"
"RPL18A",1.10693820661648e-44,0.31605995615666,0.999,0.992,1.51805505655385e-40,"Naive CD4 T","RPL18A"
"RPS19",1.7879957223403e-44,0.352423506524935,0.997,0.992,2.45205733361749e-40,"Naive CD4 T","RPS19"
"RPS2",2.05288163200311e-44,0.31536291212448,1,0.995,2.81532187012906e-40,"Naive CD4 T","RPS2"
"PRKCQ-AS1",2.49857245146208e-44,1.02716083319133,0.331,0.11,3.42654225993509e-40,"Naive CD4 T","PRKCQ-AS1"
"FGR",2.64252365531837e-44,-1.28147130672411,0.029,0.283,3.62395694090361e-40,"Naive CD4 T","FGR"
"FCN1",5.70001817429401e-44,-2.53501719544216,0.108,0.364,7.8170049242268e-40,"Naive CD4 T","FCN1"
"MT-CO1",1.51610215064602e-43,-0.44022455709691,0.99,0.996,2.07918248939595e-39,"Naive CD4 T","MT-CO1"
"PRELID1",2.11066789203056e-43,-1.16770776350248,0.263,0.545,2.89456994713071e-39,"Naive CD4 T","PRELID1"
"CFD",2.98761905282882e-43,-1.85224152977993,0.046,0.296,4.09722076904944e-39,"Naive CD4 T","CFD"
"CEBPD",3.11561169934492e-43,-1.46395069841739,0.037,0.292,4.27274988448163e-39,"Naive CD4 T","CEBPD"
"RPL17",5.04566442739116e-43,0.435967854249245,0.971,0.959,6.91962419572423e-39,"Naive CD4 T","RPL17"
"PIK3IP1",7.61445001818075e-43,0.937841956191205,0.438,0.185,1.04424567549331e-38,"Naive CD4 T","PIK3IP1"
"LGALS2",1.06049481491722e-42,-2.31376769902206,0.034,0.278,1.45436258917747e-38,"Naive CD4 T","LGALS2"
"JUNB",2.03184850863105e-42,0.684452852436717,0.914,0.904,2.78647704473663e-38,"Naive CD4 T","JUNB"
"LYZ",2.30746089095669e-42,-3.70060821079833,0.476,0.651,3.16445186585801e-38,"Naive CD4 T","LYZ"
"LY86",7.85970212711889e-42,-1.32491327676383,0.019,0.254,1.07787954971309e-37,"Naive CD4 T","LY86"
"IFI30",9.6404531203893e-42,-1.37250643804812,0.001,0.225,1.32209174093019e-37,"Naive CD4 T","IFI30"
"GRN",9.94228559273104e-42,-1.49900927358008,0.057,0.309,1.36348504618714e-37,"Naive CD4 T","GRN"
"TMEM66",1.40389912403058e-41,0.721351286630312,0.841,0.701,1.92530725869554e-37,"Naive CD4 T","TMEM66"
"GLTSCR2",5.82676845757986e-40,0.563469652646273,0.91,0.806,7.99083026272502e-36,"Naive CD4 T","GLTSCR2"
"NPC2",8.38007652954443e-40,-1.52148363462181,0.241,0.482,1.14924369526172e-35,"Naive CD4 T","NPC2"
"IFITM3",1.03252084395011e-39,-1.93241295957564,0.052,0.289,1.41599908539318e-35,"Naive CD4 T","IFITM3"
"RPS26",1.04849215009508e-39,0.489699543570531,0.958,0.9,1.43790213464039e-35,"Naive CD4 T","RPS26"
"BTG1",1.70047716660055e-39,0.569181056486313,0.938,0.86,2.33203438627599e-35,"Naive CD4 T","BTG1"
"AP1S2",2.24946987016844e-39,-1.3601928939347,0.108,0.366,3.08492297994899e-35,"Naive CD4 T","AP1S2"
"FHIT",3.3182355458039e-39,0.868641403486746,0.197,0.041,4.55062822751547e-35,"Naive CD4 T","FHIT"
"CD7",7.67855193045824e-39,0.684397640907508,0.572,0.294,1.05303661174304e-34,"Naive CD4 T","CD7"
"SERPINA1",1.1493935769112e-38,-1.53286944198563,0.069,0.311,1.57627835137603e-34,"Naive CD4 T","SERPINA1"
"RPL38",1.16725904724338e-38,0.512663692609142,0.941,0.876,1.60077905738957e-34,"Naive CD4 T","RPL38"
"RAC1",1.78353165992536e-38,-1.08410104465158,0.244,0.511,2.44593531842164e-34,"Naive CD4 T","RAC1"
"RPL35",7.93620832034824e-38,0.414019352353007,0.987,0.966,1.08837160905256e-33,"Naive CD4 T","RPL35"
"SERF2",1.52443740747455e-37,-0.649952104076523,0.782,0.883,2.09061346061059e-33,"Naive CD4 T","SERF2"
"RPL24",7.31573461418187e-37,0.417222640671809,0.977,0.944,1.0032798449889e-32,"Naive CD4 T","RPL24"
"ATP6V0B",3.0842587367704e-36,-1.12813894399327,0.148,0.406,4.22975243160692e-32,"Naive CD4 T","ATP6V0B"
"RPS21",3.62208016555786e-36,0.498539967865712,0.933,0.841,4.96732073904605e-32,"Naive CD4 T","RPS21"
"GABARAP",1.61144879436371e-35,-1.13738644018015,0.331,0.547,2.20994087659039e-31,"Naive CD4 T","GABARAP"
"CTSH",2.71108335093184e-35,-1.04642985043216,0.023,0.233,3.71797970746792e-31,"Naive CD4 T","CTSH"
"CFP",3.62198557989668e-35,-1.30766504623511,0.046,0.266,4.9671910242703e-31,"Naive CD4 T","CFP"
"IL7R",3.89424357638116e-35,0.725630659440151,0.597,0.333,5.34056564064912e-31,"Naive CD4 T","IL7R"
"RPLP1",4.61763034319874e-35,0.296789840327044,1,0.996,6.33261825266275e-31,"Naive CD4 T","RPLP1"
"CARD16",1.1177036872649e-34,-1.03073867824706,0.106,0.351,1.53281883671508e-30,"Naive CD4 T","CARD16"
"ITGB2",1.28116810787274e-34,-1.00678737040794,0.286,0.538,1.75699394313667e-30,"Naive CD4 T","ITGB2"
"GPX1",1.94867901728476e-34,-1.70753211753454,0.254,0.484,2.67241840430432e-30,"Naive CD4 T","GPX1"
"HLA-DMB",2.9947156875343e-34,-1.16334593485429,0.029,0.236,4.10695309388454e-30,"Naive CD4 T","HLA-DMB"
"TKT",1.25243441373646e-33,-1.24814065422887,0.176,0.414,1.71758855499818e-29,"Naive CD4 T","TKT"
"CD79B",2.66784573519417e-33,-1.84544300211963,0.082,0.3,3.65868364124528e-29,"Naive CD4 T","CD79B"
"NCF2",3.72711239293303e-33,-1.17932547658536,0.027,0.23,5.11136193566836e-29,"Naive CD4 T","NCF2"
"RPL12",4.36550123807813e-33,0.28161378920977,1,0.989,5.98684839790035e-29,"Naive CD4 T","RPL12"
"ISG15",5.13534261805681e-33,-1.25835631652346,0.268,0.513,7.0426088664031e-29,"Naive CD4 T","ISG15"
"FCGR3A",5.42650794572055e-33,-1.89546881784881,0.037,0.24,7.44191299676116e-29,"Naive CD4 T","FCGR3A"
"MAL",6.4852554730626e-33,0.926212888539321,0.263,0.088,8.89387935575805e-29,"Naive CD4 T","MAL"
"FAM26F",7.27357817314493e-33,-1.10318086206392,0.066,0.288,9.97498510665095e-29,"Naive CD4 T","FAM26F"
"NKG7",9.18871920508203e-33,-2.95750084522724,0.132,0.359,1.26014095178495e-28,"Naive CD4 T","NKG7"
"EMP3",1.06900848238519e-32,-0.792430163290353,0.613,0.778,1.46603823274305e-28,"Naive CD4 T","EMP3"
"CD63",1.59404391167838e-32,-0.94156855928957,0.164,0.41,2.18607182047573e-28,"Naive CD4 T","CD63"
"LINC00176",5.19957550856369e-32,0.686266967936506,0.152,0.029,7.13069785244424e-28,"Naive CD4 T","LINC00176"
"RPL37",6.35704380656961e-32,0.416277027222205,0.984,0.943,8.71804987632956e-28,"Naive CD4 T","RPL37"
"CDA",8.88858791697344e-32,-1.16321567521416,0.011,0.195,1.21898094693374e-27,"Naive CD4 T","CDA"
"EFHD2",9.41292041755108e-32,-0.980295290834517,0.042,0.248,1.29088790606296e-27,"Naive CD4 T","EFHD2"
"TCF7",1.05590494207062e-31,0.76626275489658,0.385,0.179,1.44806803755565e-27,"Naive CD4 T","TCF7"
"TNFSF13B",1.08112651603576e-31,-1.15615061921794,0.022,0.213,1.48265690409144e-27,"Naive CD4 T","TNFSF13B"
"LY6E",2.04883259176387e-31,-0.764259419025243,0.529,0.718,2.80976901634497e-27,"Naive CD4 T","LY6E"
"CAPG",3.82330069436197e-31,-1.0161151374158,0.073,0.29,5.24327457224801e-27,"Naive CD4 T","CAPG"
"MS4A6A",5.52858511335204e-31,-1.4946046807304,0.022,0.208,7.58190162445098e-27,"Naive CD4 T","MS4A6A"
"AP2S1",7.98950249331406e-31,-1.0767436549916,0.181,0.415,1.09568037193309e-26,"Naive CD4 T","AP2S1"
"RGS2",8.6639311054509e-31,-1.19896109482554,0.115,0.336,1.18817151180154e-26,"Naive CD4 T","RGS2"
"NELL2",2.26155656857658e-30,0.63903020602043,0.156,0.032,3.10149867814592e-26,"Naive CD4 T","NELL2"
"SLC7A7",7.30884946036524e-30,-0.987537949340229,0.01,0.183,1.00233561499449e-25,"Naive CD4 T","SLC7A7"
"LDLRAP1",7.37441053710233e-30,1.10167874688559,0.245,0.084,1.01132666105821e-25,"Naive CD4 T","LDLRAP1"
"RPL37A",9.76933341286136e-30,0.357258352887183,0.981,0.946,1.33976638423981e-25,"Naive CD4 T","RPL37A"
"C6orf48",1.48732581739745e-29,0.769014161248661,0.689,0.494,2.03971862597887e-25,"Naive CD4 T","C6orf48"
"RHOG",3.62081312204583e-29,-0.906598839659565,0.215,0.454,4.96558311557365e-25,"Naive CD4 T","RHOG"
"HLA-B",4.27325859268091e-29,-0.357224007102778,0.927,0.956,5.8603468340026e-25,"Naive CD4 T","HLA-B"
"CD27",6.48378186255532e-29,0.59071546358035,0.396,0.183,8.89185844630836e-25,"Naive CD4 T","CD27"
"CD14",6.77167828825943e-29,-1.34626485141854,0.017,0.19,9.28667960451898e-25,"Naive CD4 T","CD14"
"CTSC",7.43779078099461e-29,-0.995444890513872,0.108,0.326,1.0200186277056e-24,"Naive CD4 T","CTSC"
"TSPO",8.80977319199849e-29,-0.984197615730095,0.317,0.536,1.20817229555067e-24,"Naive CD4 T","TSPO"
"RPL34",1.43288531138826e-28,0.57500935505785,0.927,0.904,1.96505891603786e-24,"Naive CD4 T","RPL34"
"HCK",1.79095675846829e-28,-0.938416432647734,0.022,0.196,2.45611809856342e-24,"Naive CD4 T","HCK"
"EIF4A1",2.07430283876708e-28,-0.716721702884728,0.562,0.729,2.84469891308517e-24,"Naive CD4 T","EIF4A1"
"CST7",2.11043566274976e-28,-1.73887586872922,0.056,0.247,2.89425146789502e-24,"Naive CD4 T","CST7"
"RPS4Y1",2.41405019571308e-28,0.454023183164011,0.933,0.872,3.31062843840092e-24,"Naive CD4 T","RPS4Y1"
"RPL27",2.73314145000877e-28,0.350433300457097,0.976,0.952,3.74823018454203e-24,"Naive CD4 T","RPL27"
"RHOC",5.45537629187234e-28,-1.04883054280106,0.049,0.238,7.48150304667373e-24,"Naive CD4 T","RHOC"
"PSMB9",6.39471971820374e-28,-0.68925395369001,0.426,0.643,8.7697186215446e-24,"Naive CD4 T","PSMB9"
"MYO1F",6.44581705571395e-28,-0.852752658264167,0.082,0.293,8.83979351020611e-24,"Naive CD4 T","MYO1F"
"ANXA5",8.43685271422651e-28,-0.949989996702581,0.143,0.367,1.15702998122902e-23,"Naive CD4 T","ANXA5"
"RNF130",1.17455035073741e-27,-0.944296992687862,0.044,0.229,1.61077835100129e-23,"Naive CD4 T","RNF130"
"TIMP1",2.03094835459263e-27,-1.11658596298956,0.168,0.387,2.78524257348833e-23,"Naive CD4 T","TIMP1"
"RPSAP58",2.35244489047175e-27,0.505944655968495,0.834,0.701,3.22614292279296e-23,"Naive CD4 T","RPSAP58"
"RPL15",2.6165829060509e-27,0.283542492815622,0.996,0.996,3.5883817973582e-23,"Naive CD4 T","RPL15"
"TMSB4X",3.40906076068535e-27,-0.306777359615777,1,1,4.67518592720389e-23,"Naive CD4 T","TMSB4X"
"LILRA5",4.16823555046492e-27,-0.889929778369657,0.006,0.161,5.71631823390759e-23,"Naive CD4 T","LILRA5"
"BRI3",6.88057443957774e-27,-1.02009045063952,0.066,0.255,9.43601978643691e-23,"Naive CD4 T","BRI3"
"PLEK",7.06244425724094e-27,-0.903817343986663,0.039,0.217,9.68543605438023e-23,"Naive CD4 T","PLEK"
"AIF1",8.78007206328092e-27,-2.01854190645754,0.254,0.418,1.20409908275835e-22,"Naive CD4 T","AIF1"
"S100A10",9.9959335170631e-27,-0.832031310951071,0.521,0.685,1.37084232253003e-22,"Naive CD4 T","S100A10"
"CPVL",1.36070530488096e-26,-0.889614993867506,0.004,0.156,1.86607125511375e-22,"Naive CD4 T","CPVL"
"RPL7A",2.02387903886673e-26,0.31243396968552,0.984,0.976,2.77554771390183e-22,"Naive CD4 T","RPL7A"
"TRABD2A",2.39225805134216e-26,0.582142022433471,0.195,0.06,3.28074269161064e-22,"Naive CD4 T","TRABD2A"
"APOBEC3A",3.08676136821345e-26,-1.19884599842587,0.011,0.166,4.23318454036792e-22,"Naive CD4 T","APOBEC3A"
"CD79A",4.20322731723888e-26,-2.12007332046033,0.036,0.202,5.7643059428614e-22,"Naive CD4 T","CD79A"
"TALDO1",5.07864596004677e-26,-1.18654414654901,0.211,0.428,6.96485506960814e-22,"Naive CD4 T","TALDO1"
"LYN",1.15929379212292e-25,-0.904736041148486,0.033,0.2,1.58985550651737e-21,"Naive CD4 T","LYN"
"MNDA",1.22831802295677e-25,-0.878526517553171,0.013,0.167,1.68451533668292e-21,"Naive CD4 T","MNDA"
"IFI6",1.25746779039786e-25,-0.960260790509764,0.245,0.46,1.72449132775162e-21,"Naive CD4 T","IFI6"
"HLA-DQA2",1.58165556753963e-25,-1.06999459776507,0.013,0.165,2.16908244532384e-21,"Naive CD4 T","HLA-DQA2"
"TPI1",2.58209506901496e-25,-0.697455012294974,0.352,0.565,3.54108517764712e-21,"Naive CD4 T","TPI1"
"NFKBIA",3.44851336251047e-25,-0.945557724944597,0.307,0.51,4.72929122534685e-21,"Naive CD4 T","NFKBIA"
"LEPROTL1",4.62345919825426e-25,0.708558102459519,0.397,0.21,6.3406119444859e-21,"Naive CD4 T","LEPROTL1"
"C20orf24",8.05992499827642e-25,-0.794882576147709,0.154,0.366,1.10533811426363e-20,"Naive CD4 T","C20orf24"
"FKBP1A",9.1959868257106e-25,-0.851696908420019,0.321,0.518,1.26113763327795e-20,"Naive CD4 T","FKBP1A"
"IGSF6",3.11814625198722e-24,-0.839407889850147,0.006,0.146,4.27622576997528e-20,"Naive CD4 T","IGSF6"
"NEAT1",3.43344522579839e-24,-0.776161803217895,0.529,0.68,4.70862678265991e-20,"Naive CD4 T","NEAT1"
"CFL1",4.10403157401224e-24,-0.39996919609451,0.901,0.921,5.62826890060039e-20,"Naive CD4 T","CFL1"
"H3F3A",5.11634166426683e-24,-0.787077707089942,0.23,0.442,7.01655095837553e-20,"Naive CD4 T","H3F3A"
"CTSZ",5.33668378273708e-24,-0.775742327924274,0.009,0.15,7.31872813964564e-20,"Naive CD4 T","CTSZ"
"PILRA",5.42676810111131e-24,-0.767196095718065,0.011,0.156,7.44226977386405e-20,"Naive CD4 T","PILRA"
"C19orf38",9.33891460493365e-24,-0.746087553341492,0.004,0.14,1.2807387489206e-19,"Naive CD4 T","C19orf38"
"RPL6",9.72408465400468e-24,0.264351513671639,0.997,0.993,1.3335609694502e-19,"Naive CD4 T","RPL6"
"CTSB",1.04963436143175e-23,-0.859644192841658,0.069,0.248,1.4394685632675e-19,"Naive CD4 T","CTSB"
"LINC00936",1.22290329581884e-23,-0.982073155507227,0.132,0.333,1.67708957988596e-19,"Naive CD4 T","LINC00936"
"MS4A1",4.0919686051339e-23,-1.44286314087704,0.043,0.198,5.61172574508063e-19,"Naive CD4 T","MS4A1"
"LTB",4.51458896191425e-23,0.322973233439931,0.887,0.638,6.1913073023692e-19,"Naive CD4 T","LTB"
"KLF4",6.26225200507557e-23,-0.771955368601267,0.016,0.158,8.58805239976063e-19,"Naive CD4 T","KLF4"
"POU2F2",6.48938802686514e-23,-0.814215779227907,0.042,0.202,8.89954674004285e-19,"Naive CD4 T","POU2F2"
"REEP5",8.22506598717483e-23,-0.795203415244405,0.121,0.314,1.12798554948116e-18,"Naive CD4 T","REEP5"
"YBX1",8.37995580313825e-23,-0.596520844372534,0.758,0.839,1.14922713884238e-18,"Naive CD4 T","YBX1"
"BLVRB",1.08532407246764e-22,-0.853380336793026,0.044,0.204,1.48841343298212e-18,"Naive CD4 T","BLVRB"
"STX11",1.36515257064156e-22,-0.800904444584459,0.024,0.173,1.87217023537783e-18,"Naive CD4 T","STX11"
"FCGRT",1.52103199605886e-22,-0.959693114601021,0.1,0.281,2.08594327939512e-18,"Naive CD4 T","FCGRT"
"MS4A7",1.64845727354341e-22,-0.988258598123542,0.016,0.155,2.26069430493743e-18,"Naive CD4 T","MS4A7"
"APLP2",1.75673954863738e-22,-0.80848744943043,0.047,0.209,2.40919261700131e-18,"Naive CD4 T","APLP2"
"FPR1",1.97548094677515e-22,-0.894014927505078,0.01,0.144,2.70917457040744e-18,"Naive CD4 T","FPR1"
"LRRC25",3.17197562905068e-22,-0.735967348228849,0.007,0.138,4.3500473776801e-18,"Naive CD4 T","LRRC25"
"PSMB8",3.71312625206383e-22,-0.755969436509578,0.303,0.516,5.09218134208033e-18,"Naive CD4 T","PSMB8"
"STXBP2",4.00829690495865e-22,-0.991434401520059,0.113,0.292,5.49697837546029e-18,"Naive CD4 T","STXBP2"
"NUP214",5.2072490663717e-22,-0.857352309653275,0.034,0.184,7.14122136962216e-18,"Naive CD4 T","NUP214"
"KLF6",6.23450388705636e-22,-0.541729438391223,0.492,0.707,8.54999863070909e-18,"Naive CD4 T","KLF6"
"RNASE6",6.49366272789581e-22,-0.788745684586479,0.007,0.135,8.90540906503631e-18,"Naive CD4 T","RNASE6"
"RP11-290F20.3",6.9295724287372e-22,-0.868725105088516,0.016,0.151,9.50321562877019e-18,"Naive CD4 T","RP11-290F20.3"
"GZMA",7.98115420258835e-22,-1.54624884995729,0.077,0.241,1.09453548734297e-17,"Naive CD4 T","GZMA"
"UBE2L6",9.51467455604153e-22,-0.783518982845069,0.192,0.401,1.30484246861554e-17,"Naive CD4 T","UBE2L6"
"CD37",9.74631239565803e-22,-0.793743179741182,0.681,0.802,1.33660928194054e-17,"Naive CD4 T","CD37"
"BLVRA",1.04925634382012e-21,-0.895499287377288,0.065,0.229,1.43895014991491e-17,"Naive CD4 T","BLVRA"
"AES",1.55427343574001e-21,0.542512207583187,0.636,0.442,2.13153058977384e-17,"Naive CD4 T","AES"
"CCL5",2.01744772230336e-21,-1.33825192678313,0.176,0.367,2.76672780636683e-17,"Naive CD4 T","CCL5"
"OXNAD1",2.03472844346974e-21,0.652836518668353,0.214,0.082,2.79042658737439e-17,"Naive CD4 T","OXNAD1"
"IFITM2",2.34729059135996e-21,-0.679052251681314,0.608,0.745,3.21907431699105e-17,"Naive CD4 T","IFITM2"
"PLAUR",3.31041829822231e-21,-0.702595732214685,0.02,0.157,4.53990765418208e-17,"Naive CD4 T","PLAUR"
"CCL3",3.99254279187376e-21,-1.65820535981656,0.036,0.178,5.47537318477567e-17,"Naive CD4 T","CCL3"
"DOK2",5.47521757109787e-21,-0.774060999439507,0.109,0.289,7.50871337700361e-17,"Naive CD4 T","DOK2"
"SELL",6.47891617872146e-21,0.425655704051625,0.605,0.425,8.8851856474986e-17,"Naive CD4 T","SELL"
"ALDH2",7.74235816312904e-21,-0.908167059334421,0.016,0.146,1.06178699849152e-16,"Naive CD4 T","ALDH2"
"RPS7",9.37034937976212e-21,0.265595310052746,0.996,0.987,1.28504971394058e-16,"Naive CD4 T","RPS7"
"RGS19",1.02629195285766e-20,-0.732944240700582,0.133,0.319,1.407456784149e-16,"Naive CD4 T","RGS19"
"PRF1",1.09997821737534e-20,-1.64442674474941,0.049,0.195,1.50851012730854e-16,"Naive CD4 T","PRF1"
"BRK1",1.25915773621616e-20,-0.693596765362714,0.413,0.603,1.72680891944685e-16,"Naive CD4 T","BRK1"
"MPEG1",1.55088630474323e-20,-0.685378901235234,0.014,0.143,2.12688547832487e-16,"Naive CD4 T","MPEG1"
"TBXAS1",1.60803927477089e-20,-0.649629675068739,0.019,0.151,2.2052650614208e-16,"Naive CD4 T","TBXAS1"
"HLA-C",1.82202885200862e-20,-0.445926658124407,0.984,0.98,2.49873036764462e-16,"Naive CD4 T","HLA-C"
"TMEM123",2.07837228493396e-20,0.594732991165152,0.547,0.385,2.85027975155844e-16,"Naive CD4 T","TMEM123"
"FGL2",2.73311956704782e-20,-0.823783806901423,0.026,0.162,3.74820017424938e-16,"Naive CD4 T","FGL2"
"ASAH1",2.76938949334156e-20,-0.881711665261409,0.121,0.292,3.79794075116861e-16,"Naive CD4 T","ASAH1"
"GZMB",2.78333285724878e-20,-2.39199892251919,0.024,0.155,3.81706268043098e-16,"Naive CD4 T","GZMB"
"CD3G",3.94465057390383e-20,0.559123061163619,0.341,0.175,5.40969379705171e-16,"Naive CD4 T","CD3G"
"PPP1CA",5.8956079693548e-20,-0.646240472450956,0.379,0.57,8.08523676917318e-16,"Naive CD4 T","PPP1CA"
"CASP1",6.23823245919964e-20,-0.72953621543173,0.139,0.319,8.55511199454639e-16,"Naive CD4 T","CASP1"
"CEBPB",8.03885563460387e-20,-0.956864180380071,0.195,0.37,1.10244866172958e-15,"Naive CD4 T","CEBPB"
"RAB32",8.09690595119709e-20,-0.666647532466475,0.003,0.116,1.11040968214717e-15,"Naive CD4 T","RAB32"
"MAFB",9.30343874273697e-20,-0.735062923111114,0.01,0.13,1.27587358917895e-15,"Naive CD4 T","MAFB"
"CYBB",9.86023231487546e-20,-0.665180481796117,0.016,0.141,1.35223225966202e-15,"Naive CD4 T","CYBB"
"RGCC",1.016625523955e-19,0.61755628873778,0.352,0.187,1.39420024355188e-15,"Naive CD4 T","RGCC"
"LGALS9",1.10215443721478e-19,-0.685125009994129,0.062,0.216,1.51149459519635e-15,"Naive CD4 T","LGALS9"
"SMCO4",1.30031557432327e-19,-0.686977770233497,0.014,0.138,1.78325277862694e-15,"Naive CD4 T","SMCO4"
"RHOA",1.59144947560751e-19,-0.599598851841464,0.435,0.615,2.18251381084814e-15,"Naive CD4 T","RHOA"
"SH3YL1",1.65368375063175e-19,0.585259751861632,0.187,0.069,2.26786189561638e-15,"Naive CD4 T","SH3YL1"
"GIMAP5",1.77610207226622e-19,0.578743503523982,0.41,0.241,2.4357463819059e-15,"Naive CD4 T","GIMAP5"
"OAS1",2.28342653817303e-19,-0.401085978819239,0.077,0.237,3.1314911544505e-15,"Naive CD4 T","OAS1"
"BST2",2.34423409913591e-19,-0.65655505178744,0.301,0.502,3.21488264355499e-15,"Naive CD4 T","BST2"
"HN1",2.4143797013398e-19,-0.582171849854128,0.113,0.292,3.31108032241741e-15,"Naive CD4 T","HN1"
"VASP",3.15786484103246e-19,-0.672476684457769,0.142,0.323,4.33069584299191e-15,"Naive CD4 T","VASP"
"ATP6V0D1",3.6421424920842e-19,-0.663467976446802,0.062,0.213,4.99483421364428e-15,"Naive CD4 T","ATP6V0D1"
"CD300A",4.03458479809654e-19,-0.671767107223865,0.03,0.162,5.5330295921096e-15,"Naive CD4 T","CD300A"
"FGFBP2",4.19662902027279e-19,-1.7738999309764,0.02,0.142,5.75525703840211e-15,"Naive CD4 T","FGFBP2"
"AGTRAP",4.74553150356726e-19,-0.64366598353148,0.047,0.191,6.50802190399214e-15,"Naive CD4 T","AGTRAP"
"ASGR1",5.22222420731953e-19,-0.726135767677587,0.001,0.108,7.16175827791801e-15,"Naive CD4 T","ASGR1"
"LCK",6.06616941004046e-19,0.562740896183396,0.496,0.313,8.31914472892948e-15,"Naive CD4 T","LCK"
"EPHX2",1.1202612678245e-18,0.464736795214963,0.118,0.031,1.53632630269451e-14,"Naive CD4 T","EPHX2"
"SCGB3A1",1.12211938003822e-18,0.586761396198128,0.115,0.029,1.53887451778442e-14,"Naive CD4 T","SCGB3A1"
"ODF3B",1.22929648607356e-18,-0.676485868653764,0.027,0.156,1.68585720100129e-14,"Naive CD4 T","ODF3B"
"MT-ND1",1.23879548707176e-18,-0.368087088345868,0.924,0.954,1.69888413097021e-14,"Naive CD4 T","MT-ND1"
"C14orf64",1.35530554175621e-18,0.497380396618616,0.118,0.031,1.85866601996446e-14,"Naive CD4 T","C14orf64"
"ABI3",1.41829406602697e-18,-0.748046697836169,0.066,0.217,1.94504848214939e-14,"Naive CD4 T","ABI3"
"GNB2",1.42421350599017e-18,-0.665991650501858,0.138,0.313,1.95316640211492e-14,"Naive CD4 T","GNB2"
"HVCN1",1.6799885486718e-18,-0.90677608050347,0.03,0.157,2.30393629564851e-14,"Naive CD4 T","HVCN1"
"NGFRAP1",1.73689413469184e-18,0.396725506894805,0.172,0.062,2.38197661631638e-14,"Naive CD4 T","NGFRAP1"
"CNPY3",1.87158001485398e-18,-0.754988786251549,0.152,0.325,2.56668483237075e-14,"Naive CD4 T","CNPY3"
"CALM2",2.30273085108699e-18,-0.615565176182564,0.422,0.584,3.1579650891807e-14,"Naive CD4 T","CALM2"
"PSMB3",2.32561389919026e-18,-0.54661835724351,0.237,0.435,3.18934690134952e-14,"Naive CD4 T","PSMB3"
"PSME2",2.75738814158678e-18,-0.634167606669963,0.422,0.601,3.78148209737211e-14,"Naive CD4 T","PSME2"
"LYST",2.77572813711164e-18,-0.622348029959178,0.03,0.158,3.8066335672349e-14,"Naive CD4 T","LYST"
"HNRNPA1",3.08806828631121e-18,0.305398622655507,0.954,0.921,4.23497684784719e-14,"Naive CD4 T","HNRNPA1"
"NDFIP1",3.17982497986957e-18,0.70467700438698,0.438,0.284,4.36081197739313e-14,"Naive CD4 T","NDFIP1"
"LYL1",3.3748917001914e-18,-0.660687801612964,0.026,0.149,4.62832647764249e-14,"Naive CD4 T","LYL1"
"LINC00926",3.50931477460442e-18,-1.09645664025506,0.004,0.109,4.8126742818925e-14,"Naive CD4 T","LINC00926"
"GLIPR2",4.54882956218776e-18,-0.649740860604386,0.103,0.268,6.2382648615843e-14,"Naive CD4 T","GLIPR2"
"C12orf57",5.32184410081727e-18,0.751796411637386,0.418,0.26,7.2983769998608e-14,"Naive CD4 T","C12orf57"
"SNX3",6.41990071411111e-18,-0.520787847316364,0.341,0.512,8.80425183933198e-14,"Naive CD4 T","SNX3"
"TGFBI",6.99987747004531e-18,-0.57578333226176,0.02,0.139,9.59963196242014e-14,"Naive CD4 T","TGFBI"
"H2AFY",8.57238220138081e-18,-0.859472023341161,0.172,0.343,1.17561649509736e-13,"Naive CD4 T","H2AFY"
"FCGR2A",8.97260272096736e-18,-0.677770537400646,0.007,0.113,1.23050273715346e-13,"Naive CD4 T","FCGR2A"
"GZMH",9.28874085522097e-18,-1.59169955085084,0.017,0.13,1.273857920885e-13,"Naive CD4 T","GZMH"
"STX7",1.14585718038875e-17,-0.669858754488376,0.033,0.158,1.57142853718513e-13,"Naive CD4 T","STX7"
"TOMM7",1.33167358438297e-17,0.419324267801452,0.829,0.761,1.82625715362281e-13,"Naive CD4 T","TOMM7"
"SCPEP1",1.45531093293642e-17,-0.758133086347748,0.042,0.171,1.995813413429e-13,"Naive CD4 T","SCPEP1"
"ACTG1",1.45615712289123e-17,-0.496841648880668,0.826,0.877,1.99697387833303e-13,"Naive CD4 T","ACTG1"
"EPSTI1",1.74620176942936e-17,-0.711271874473275,0.076,0.221,2.39474110659542e-13,"Naive CD4 T","EPSTI1"
"IRF8",2.42988326506222e-17,-0.803591663136337,0.024,0.142,3.33234190970633e-13,"Naive CD4 T","IRF8"
"CTSD",2.52132183188872e-17,-0.734120904728546,0.126,0.284,3.45774076025219e-13,"Naive CD4 T","CTSD"
"APOBEC3G",2.52295675961347e-17,-0.662327430330122,0.102,0.258,3.45998290013391e-13,"Naive CD4 T","APOBEC3G"
"THEMIS2",2.57162810652324e-17,-0.561887538382528,0.027,0.149,3.52673078528597e-13,"Naive CD4 T","THEMIS2"
"APBA2",2.66147867500633e-17,0.514939322402453,0.113,0.031,3.64995185490368e-13,"Naive CD4 T","APBA2"
"FLT3LG",2.96422613860979e-17,0.662593180609589,0.27,0.138,4.06513972648947e-13,"Naive CD4 T","FLT3LG"
"CCL4",2.9861355089196e-17,-1.52210799861178,0.027,0.145,4.09518623693234e-13,"Naive CD4 T","CCL4"
"WARS",3.36645088358045e-17,-0.69129388373136,0.042,0.17,4.61675074174222e-13,"Naive CD4 T","WARS"
"BLOC1S1",3.52752217320276e-17,-0.524148278422186,0.181,0.36,4.83764390833026e-13,"Naive CD4 T","BLOC1S1"
"SUPT4H1",3.76357465740391e-17,-0.694218832846476,0.162,0.334,5.16136628516372e-13,"Naive CD4 T","SUPT4H1"
"IFNGR2",4.00467724528659e-17,-0.707730371032322,0.057,0.193,5.49201437418603e-13,"Naive CD4 T","IFNGR2"
"CSF3R",4.08582374915475e-17,-0.755968322436563,0.029,0.147,5.60329868959083e-13,"Naive CD4 T","CSF3R"
"MYC",5.15627459377908e-17,0.576241837365677,0.24,0.114,7.07131497790863e-13,"Naive CD4 T","MYC"
"RAB8A",6.21705068792284e-17,-0.618255407801861,0.103,0.26,8.52606331341738e-13,"Naive CD4 T","RAB8A"
"IGFBP7",6.22563425091018e-17,-0.884246962868674,0.01,0.114,8.53783481169822e-13,"Naive CD4 T","IGFBP7"
"HOPX",6.64644424023e-17,-0.955232137661291,0.052,0.183,9.11493363105143e-13,"Naive CD4 T","HOPX"
"ALDOA",6.71003513156028e-17,-0.461477309409563,0.621,0.738,9.20214217942176e-13,"Naive CD4 T","ALDOA"
"RP11-664D1.1",6.92286046051423e-17,0.475604743960204,0.119,0.035,9.49401083554922e-13,"Naive CD4 T","RP11-664D1.1"
"PRR13",6.9897687179389e-17,-0.447494744651872,0.347,0.534,9.58576881978141e-13,"Naive CD4 T","PRR13"
"MT2A",7.6825849751233e-17,-0.895282025253612,0.201,0.359,1.05358970348841e-12,"Naive CD4 T","MT2A"
"ARRB2",8.39960052667519e-17,-0.731364661600906,0.136,0.301,1.15192121622824e-12,"Naive CD4 T","ARRB2"
"SLC11A1",1.00695493564215e-16,-0.583669800255284,0.013,0.118,1.38093799873964e-12,"Naive CD4 T","SLC11A1"
"CD8B",1.03725576473319e-16,0.821338864285162,0.214,0.096,1.4224925557551e-12,"Naive CD4 T","CD8B"
"GSTO1",1.26758309648735e-16,-0.664580681856271,0.168,0.337,1.73836345852275e-12,"Naive CD4 T","GSTO1"
"HSBP1",1.40040959990321e-16,-0.649980642788959,0.063,0.198,1.92052172530726e-12,"Naive CD4 T","HSBP1"
"CPPED1",1.8908946601307e-16,-0.58262172965504,0.022,0.133,2.59317293690324e-12,"Naive CD4 T","CPPED1"
"RHOH",1.94374025286133e-16,0.615014368957376,0.36,0.211,2.66564538277403e-12,"Naive CD4 T","RHOH"
"NUCB2",2.26111835195425e-16,0.586606146098316,0.199,0.086,3.10089770787006e-12,"Naive CD4 T","NUCB2"
"ANXA1",2.3103467793803e-16,-0.679650938853735,0.481,0.634,3.16840957324214e-12,"Naive CD4 T","ANXA1"
"NOP10",2.31826221439282e-16,-0.710207548284618,0.174,0.34,3.17926480081831e-12,"Naive CD4 T","NOP10"
"DYNLL1",2.63638833729919e-16,-0.717187463155712,0.214,0.385,3.61554296577211e-12,"Naive CD4 T","DYNLL1"
"LAMTOR1",3.17797568163824e-16,-0.43803150163658,0.217,0.39,4.35827584979868e-12,"Naive CD4 T","LAMTOR1"
"C1orf162",3.53017091967213e-16,-0.807353657466729,0.273,0.431,4.84127639923835e-12,"Naive CD4 T","C1orf162"
"DNAJB1",3.78595907082822e-16,0.685379920631426,0.396,0.255,5.19206426973382e-12,"Naive CD4 T","DNAJB1"
"GNAI2",4.04252375909682e-16,-0.688331110960105,0.118,0.27,5.54391708322538e-12,"Naive CD4 T","GNAI2"
"PGLS",4.13942972763649e-16,-0.477411490240632,0.178,0.342,5.67681392848069e-12,"Naive CD4 T","PGLS"
"TNFRSF1B",4.22301034150312e-16,-0.599947742622649,0.049,0.177,5.79143638233737e-12,"Naive CD4 T","TNFRSF1B"
"HHEX",5.2750239504522e-16,-0.56669884191173,0.007,0.103,7.23416784565015e-12,"Naive CD4 T","HHEX"
"TESC",5.80890561179084e-16,-0.521913389326456,0.009,0.106,7.96633315600996e-12,"Naive CD4 T","TESC"
"GYPC",6.5423030047129e-16,0.583802028227838,0.399,0.255,8.97211434066327e-12,"Naive CD4 T","GYPC"
"SNX10",7.8551069711392e-16,-0.509875510575355,0.019,0.125,1.07724937002203e-11,"Naive CD4 T","SNX10"
"SLC31A2",1.00748027791624e-15,-0.552660892562257,0.014,0.115,1.38165845313434e-11,"Naive CD4 T","SLC31A2"
"EIF4EBP1",1.09946682787985e-15,-0.583161105727083,0.037,0.155,1.50780880775443e-11,"Naive CD4 T","EIF4EBP1"
"TAGLN2",1.10773793050028e-15,-0.639660644629134,0.385,0.558,1.51915179788808e-11,"Naive CD4 T","TAGLN2"
"PLBD1",1.32643733568747e-15,-0.700428289876764,0.014,0.114,1.81907616216179e-11,"Naive CD4 T","PLBD1"
"C5AR1",1.52518231988427e-15,-0.673635839242744,0.022,0.127,2.09163503348929e-11,"Naive CD4 T","C5AR1"
"RHOB",1.87011763128151e-15,-0.66534159302938,0.043,0.161,2.56467931953947e-11,"Naive CD4 T","RHOB"
"AHNAK",2.35215790178806e-15,-0.608580518935383,0.155,0.318,3.22574934651215e-11,"Naive CD4 T","AHNAK"
"PTPN6",2.40057019759576e-15,-0.66111894678238,0.178,0.337,3.29214196898283e-11,"Naive CD4 T","PTPN6"
"SCO2",2.63830050420263e-15,-0.603545249463841,0.046,0.165,3.61816531146349e-11,"Naive CD4 T","SCO2"
"SEC11A",2.68657271583517e-15,-0.573161901059535,0.208,0.374,3.68436582249635e-11,"Naive CD4 T","SEC11A"
"CD99",3.81569123611945e-15,-0.514894891136592,0.387,0.549,5.23283896121422e-11,"Naive CD4 T","CD99"
"TRAT1",4.01494005431713e-15,0.527594978626819,0.265,0.14,5.50608879049051e-11,"Naive CD4 T","TRAT1"
"NCF1",4.06552006028197e-15,-0.816684568482181,0.073,0.199,5.5754542106707e-11,"Naive CD4 T","NCF1"
"HINT1",5.34526396715797e-15,0.388283054649634,0.727,0.611,7.33049500456044e-11,"Naive CD4 T","HINT1"
"ACTN1",5.50192601898009e-15,0.359046134326699,0.141,0.05,7.5453413424293e-11,"Naive CD4 T","ACTN1"
"LSP1",6.14819855407141e-15,-0.402461897793018,0.43,0.588,8.43163949705353e-11,"Naive CD4 T","LSP1"
"RGS10",6.94197262637697e-15,0.503178683013072,0.521,0.379,9.52022125981338e-11,"Naive CD4 T","RGS10"
"TCL1A",7.71818281920785e-15,-1.54089340750452,0.026,0.127,1.05847159182617e-10,"Naive CD4 T","TCL1A"
"SNX2",9.04071772609235e-15,-0.611370804104424,0.109,0.252,1.2398440289563e-10,"Naive CD4 T","SNX2"
"DBI",9.77665562563021e-15,-0.607757632414179,0.234,0.4,1.34077055249893e-10,"Naive CD4 T","DBI"
"PLSCR1",9.83469494048523e-15,-0.590387502071377,0.053,0.173,1.34873006413814e-10,"Naive CD4 T","PLSCR1"
"EIF4A2",1.07739792964015e-14,0.466990198369819,0.733,0.607,1.4775435207085e-10,"Naive CD4 T","EIF4A2"
"ANXA4",1.37696418096807e-14,-0.509608703647079,0.024,0.127,1.88836867777961e-10,"Naive CD4 T","ANXA4"
"COX5A",1.77857533595976e-14,-0.510002745898916,0.234,0.399,2.43913821573522e-10,"Naive CD4 T","COX5A"
"BEX2",1.99698574350925e-14,0.408847653202156,0.185,0.08,2.73866624864858e-10,"Naive CD4 T","BEX2"
"AAK1",2.47600857383933e-14,0.542544484907686,0.228,0.115,3.39559815816326e-10,"Naive CD4 T","AAK1"
"SMIM14",2.626408282154e-14,-0.605855564711337,0.027,0.129,3.60185631814599e-10,"Naive CD4 T","SMIM14"
"ZFP36",2.81131932632934e-14,-0.491660912410322,0.624,0.735,3.85544332412805e-10,"Naive CD4 T","ZFP36"
"SERPINB1",3.17791864046223e-14,-0.575115064888694,0.25,0.407,4.3581976235299e-10,"Naive CD4 T","SERPINB1"
"ATP6V1F",3.27193772055633e-14,-0.584300887004125,0.251,0.417,4.48713538997094e-10,"Naive CD4 T","ATP6V1F"
"EEF1D",3.27386197466274e-14,0.281131679240518,0.963,0.968,4.48977431205248e-10,"Naive CD4 T","EEF1D"
"GNLY",3.78069833905454e-14,-2.89437064418075,0.09,0.212,5.18484970217939e-10,"Naive CD4 T","GNLY"
"EAF2",4.02479939095459e-14,-0.635789182209733,0.023,0.121,5.51960988475513e-10,"Naive CD4 T","EAF2"
"LAT2",4.15830059488028e-14,-0.66342974585226,0.022,0.118,5.70269343581882e-10,"Naive CD4 T","LAT2"
"FLNA",4.7441822972633e-14,-0.520947523587819,0.109,0.25,6.50617160246689e-10,"Naive CD4 T","FLNA"
"ID2",5.0844285987065e-14,-0.737092512433932,0.273,0.429,6.9727853802661e-10,"Naive CD4 T","ID2"
"DUSP6",5.89167626325772e-14,-0.471227148691988,0.022,0.119,8.07984482743163e-10,"Naive CD4 T","DUSP6"
"SCIMP",5.92902608267342e-14,-0.457295903267931,0.014,0.106,8.13106636977833e-10,"Naive CD4 T","SCIMP"
"ARF1",6.35604920218009e-14,-0.345158523314865,0.33,0.5,8.71668587586978e-10,"Naive CD4 T","ARF1"
"VCAN",7.09955547055193e-14,-0.575387921101927,0.024,0.123,9.73633037231492e-10,"Naive CD4 T","VCAN"
"CD6",7.60100473353362e-14,0.501033278074798,0.185,0.084,1.0424017891568e-09,"Naive CD4 T","CD6"
"SYK",8.07782984907442e-14,-0.46191427288944,0.014,0.105,1.10779358550207e-09,"Naive CD4 T","SYK"
"PSMA7",9.71316019321869e-14,-0.457968797490977,0.445,0.606,1.33206278889801e-09,"Naive CD4 T","PSMA7"
"BID",1.05278344736259e-13,-0.627509710299539,0.108,0.242,1.44378721971305e-09,"Naive CD4 T","BID"
"GCA",1.05939924340277e-13,-0.561364619004378,0.049,0.16,1.45286012240255e-09,"Naive CD4 T","GCA"
"MIR142",1.08322659563484e-13,-0.473206674831457,0.075,0.201,1.48553695325361e-09,"Naive CD4 T","MIR142"
"IRF7",1.11516136108528e-13,-0.573667397289513,0.073,0.197,1.52933229059236e-09,"Naive CD4 T","IRF7"
"LILRB2",1.13878114771169e-13,-0.517671288075076,0.027,0.126,1.56172446597182e-09,"Naive CD4 T","LILRB2"
"MSRB1",1.18137194526889e-13,-0.52592029665595,0.033,0.135,1.62013348574176e-09,"Naive CD4 T","MSRB1"
"UNC93B1",1.19921195755319e-13,-0.411640444927956,0.017,0.11,1.64459927858844e-09,"Naive CD4 T","UNC93B1"
"RPL23",1.20712770302034e-13,0.281518309502044,0.897,0.844,1.65545493192209e-09,"Naive CD4 T","RPL23"
"YWHAH",1.27592543259873e-13,-0.490636244982736,0.099,0.233,1.74980413826589e-09,"Naive CD4 T","YWHAH"
"LCP1",1.63805185651977e-13,-0.451428761358954,0.275,0.427,2.24642431603121e-09,"Naive CD4 T","LCP1"
"SH3BGRL",1.80516231913825e-13,-0.597052915816314,0.331,0.483,2.47559960446619e-09,"Naive CD4 T","SH3BGRL"
"SYNGR2",1.88348192892081e-13,-0.533230952479877,0.053,0.165,2.583007117322e-09,"Naive CD4 T","SYNGR2"
"GLUL",1.9631601249354e-13,-0.524379551810157,0.043,0.15,2.6922777953364e-09,"Naive CD4 T","GLUL"
"YBX3",2.38984836232433e-13,-0.562057328714443,0.032,0.13,3.27743804409159e-09,"Naive CD4 T","YBX3"
"BTK",2.59389490395494e-13,-0.556850034154965,0.017,0.106,3.55726747128381e-09,"Naive CD4 T","BTK"
"UBC",2.78072503497311e-13,-0.333991727213421,0.805,0.871,3.81348631296212e-09,"Naive CD4 T","UBC"
"BAX",3.11897306782764e-13,-0.50594741184604,0.195,0.347,4.27735966521883e-09,"Naive CD4 T","BAX"
"WDR83OS",3.43737225415063e-13,-0.426005871304857,0.23,0.388,4.71401230934217e-09,"Naive CD4 T","WDR83OS"
"ATP1B3",4.94420289525261e-13,-0.546448152326653,0.076,0.197,6.78047985054943e-09,"Naive CD4 T","ATP1B3"
"PRDX5",5.76938006066365e-13,-0.583518799898715,0.241,0.395,7.91212781519413e-09,"Naive CD4 T","PRDX5"
"OCIAD2",8.54531180775261e-13,0.441084547840939,0.321,0.193,1.17190406131519e-08,"Naive CD4 T","OCIAD2"
"COX8A",8.73437960936722e-13,-0.45829397194836,0.27,0.429,1.19783281962862e-08,"Naive CD4 T","COX8A"
"COMMD6",8.75749318281000e-13,0.411530539302537,0.671,0.577,1.20100261509056e-08,"Naive CD4 T","COMMD6"
"IFI35",9.45641755900608e-13,-0.633434401029424,0.09,0.214,1.29685310404209e-08,"Naive CD4 T","IFI35"
"C4orf48",1.07922538057561e-12,-0.521695447310197,0.073,0.19,1.4800496869214e-08,"Naive CD4 T","C4orf48"
"DYNLT1",1.14797417050036e-12,-0.551176953490147,0.098,0.226,1.5743317774242e-08,"Naive CD4 T","DYNLT1"
"RCAN3",1.23292671619787e-12,0.534480814885983,0.178,0.084,1.69083569859376e-08,"Naive CD4 T","RCAN3"
"IL1B",1.62879228357254e-12,-0.696217276645378,0.017,0.101,2.23372573769137e-08,"Naive CD4 T","IL1B"
"NDUFB7",1.65068789808999e-12,-0.498383059908997,0.181,0.325,2.26375338344061e-08,"Naive CD4 T","NDUFB7"
"TGFB1",2.1340684401701e-12,-0.456014633743831,0.106,0.234,2.92666145884927e-08,"Naive CD4 T","TGFB1"
"CAST",2.29608668073627e-12,-0.488125617761314,0.079,0.195,3.14885327396172e-08,"Naive CD4 T","CAST"
"CHCHD2",2.43641062168296e-12,-0.317360946010175,0.64,0.74,3.34129352657601e-08,"Naive CD4 T","CHCHD2"
"GNG5",2.4778331467353e-12,-0.423815961714237,0.187,0.332,3.39810037743279e-08,"Naive CD4 T","GNG5"
"LINC00152",2.49720961303834e-12,-0.468601081683578,0.029,0.121,3.42467326332078e-08,"Naive CD4 T","LINC00152"
"LSM10",2.83346874731599e-12,-0.475197683276784,0.115,0.247,3.88581904006915e-08,"Naive CD4 T","LSM10"
"ZFP36L2",3.174703153916e-12,0.423007707014328,0.733,0.623,4.35378790528041e-08,"Naive CD4 T","ZFP36L2"
"TRAF3IP3",3.6577972212388e-12,0.577788434255108,0.562,0.454,5.01630310920689e-08,"Naive CD4 T","TRAF3IP3"
"LSMD1",3.69869552732115e-12,-0.513552225725181,0.089,0.208,5.07239104616822e-08,"Naive CD4 T","LSMD1"
"ATP5J2",3.80801094379406e-12,-0.380851676869554,0.212,0.365,5.22230620831917e-08,"Naive CD4 T","ATP5J2"
"GRINA",3.98438062451591e-12,-0.452171029227883,0.033,0.127,5.46417958846112e-08,"Naive CD4 T","GRINA"
"TCIRG1",4.19721242431183e-12,-0.417187635674372,0.03,0.122,5.75605711870124e-08,"Naive CD4 T","TCIRG1"
"PGAM1",4.61765241006379e-12,-0.494502789697027,0.139,0.272,6.33264851516149e-08,"Naive CD4 T","PGAM1"
"RAB5C",4.62475972760075e-12,-0.501734014785097,0.178,0.319,6.34239549043167e-08,"Naive CD4 T","RAB5C"
"VIM",4.6374123050092e-12,-0.503201335395329,0.806,0.8,6.35974723508961e-08,"Naive CD4 T","VIM"
"TNFSF10",4.77417550552158e-12,-0.641047146991416,0.122,0.25,6.5473042882723e-08,"Naive CD4 T","TNFSF10"
"TPM4",5.07056435453413e-12,-0.577208726818216,0.053,0.158,6.9537719558081e-08,"Naive CD4 T","TPM4"
"GLIPR1",5.15170441803093e-12,-0.470557540005874,0.113,0.242,7.06504743888761e-08,"Naive CD4 T","GLIPR1"
"CSK",5.51220225107756e-12,-0.497391772438925,0.123,0.255,7.55943416712776e-08,"Naive CD4 T","CSK"
"ATP5G2",6.25078957224235e-12,-0.399646674263014,0.798,0.832,8.57233281937316e-08,"Naive CD4 T","ATP5G2"
"CAP1",6.5005729659819e-12,-0.541193812543503,0.306,0.453,8.91488576554758e-08,"Naive CD4 T","CAP1"
"AKIRIN2",7.10502721904505e-12,-0.429452270464735,0.053,0.157,9.74383432819838e-08,"Naive CD4 T","AKIRIN2"
"ALOX5",7.20057481742564e-12,-0.381979771372513,0.023,0.108,9.87486830461752e-08,"Naive CD4 T","ALOX5"
"HSPA8",7.51837240689473e-12,0.353198697611627,0.758,0.646,1.03106959188154e-07,"Naive CD4 T","HSPA8"
"NAGK",7.52954165259724e-12,-0.445698809391818,0.05,0.151,1.03260134223719e-07,"Naive CD4 T","NAGK"
"CLTB",8.84523856246537e-12,-0.466300839463167,0.102,0.224,1.2130360164565e-07,"Naive CD4 T","CLTB"
"CSTB",9.54903537501004e-12,-0.554205798924419,0.267,0.408,1.30955471132888e-07,"Naive CD4 T","CSTB"
"UQCRC1",1.11739659262614e-11,-0.312111901328,0.095,0.216,1.53239768712748e-07,"Naive CD4 T","UQCRC1"
"ATOX1",1.34413371795871e-11,-0.465787949043628,0.046,0.143,1.84334498080857e-07,"Naive CD4 T","ATOX1"
"GLRX",1.38881884100733e-11,-0.540163536055417,0.275,0.412,1.90462615855745e-07,"Naive CD4 T","GLRX"
"LAMTOR5",1.40921422437228e-11,-0.521039362614688,0.175,0.317,1.93259638730415e-07,"Naive CD4 T","LAMTOR5"
"COMT",1.61248288514955e-11,-0.457094792304479,0.075,0.186,2.21135902869409e-07,"Naive CD4 T","COMT"
"SRSF5",1.62333310450667e-11,0.287395198657442,0.788,0.715,2.22623901952045e-07,"Naive CD4 T","SRSF5"
"PPP4C",1.63248996881522e-11,-0.419905812945274,0.185,0.33,2.2387967432332e-07,"Naive CD4 T","PPP4C"
"CMTM6",2.14640612983782e-11,-0.425291073606858,0.088,0.201,2.94358136645959e-07,"Naive CD4 T","CMTM6"
"TCEB2",2.17406094157088e-11,-0.472809520186772,0.385,0.525,2.9815071752703e-07,"Naive CD4 T","TCEB2"
"RBX1",2.19957714049222e-11,-0.435427100510411,0.187,0.331,3.01650009047103e-07,"Naive CD4 T","RBX1"
"SLC25A5",2.43851118911411e-11,-0.423967394343258,0.402,0.548,3.34417424475109e-07,"Naive CD4 T","SLC25A5"
"AOAH",2.50851888591419e-11,-0.440921110814214,0.053,0.152,3.44018280014272e-07,"Naive CD4 T","AOAH"
"CDK2AP2",2.55277377091171e-11,-0.487101184580022,0.08,0.189,3.50087394942832e-07,"Naive CD4 T","CDK2AP2"
"CASP4",2.56021878937212e-11,-0.572973425096169,0.214,0.354,3.51108404774493e-07,"Naive CD4 T","CASP4"
"IMPDH1",2.68515258354182e-11,-0.367087783229595,0.024,0.108,3.68241825306925e-07,"Naive CD4 T","IMPDH1"
"TMIGD2",2.79747347129243e-11,0.383289792981184,0.108,0.039,3.83645511853044e-07,"Naive CD4 T","TMIGD2"
"FYB",2.9116260369229e-11,0.398753371711981,0.455,0.34,3.99300394703607e-07,"Naive CD4 T","FYB"
"CRIP1",3.01176086651059e-11,-0.506868304576496,0.264,0.409,4.13032885233263e-07,"Naive CD4 T","CRIP1"
"MIR24-2",3.3666050561908e-11,-0.501362279008437,0.043,0.135,4.61696217406006e-07,"Naive CD4 T","MIR24-2"
"EVL",4.20818420325596e-11,0.402259261874863,0.624,0.5,5.77110381634523e-07,"Naive CD4 T","EVL"
"PABPC1",4.30301621329007e-11,0.327621731714855,0.881,0.853,5.901156434906e-07,"Naive CD4 T","PABPC1"
"VAMP5",4.42477479000648e-11,-0.58220764424382,0.133,0.258,6.06813614701488e-07,"Naive CD4 T","VAMP5"
"BANK1",4.42685260292579e-11,-0.626512557661584,0.033,0.117,6.07098565965243e-07,"Naive CD4 T","BANK1"
"PSIP1",4.46022064727971e-11,0.526510431262571,0.265,0.162,6.1167465956794e-07,"Naive CD4 T","PSIP1"
"CAMK4",4.83552467620026e-11,0.45229599963541,0.159,0.076,6.63143854094104e-07,"Naive CD4 T","CAMK4"
"SSR3",5.02293783471166e-11,-0.532065244508767,0.098,0.211,6.88845694652357e-07,"Naive CD4 T","SSR3"
"LINC00861",5.46704593633033e-11,0.448895714610291,0.149,0.068,7.49750679708341e-07,"Naive CD4 T","LINC00861"
"ZNHIT1",5.88382722291278e-11,-0.449434806458965,0.175,0.311,8.06908065350258e-07,"Naive CD4 T","ZNHIT1"
"LAMTOR2",6.32638817414416e-11,-0.5377441114376,0.133,0.257,8.6760087420213e-07,"Naive CD4 T","LAMTOR2"
"TLN1",6.46472042800573e-11,-0.359294067482024,0.055,0.153,8.86571759496706e-07,"Naive CD4 T","TLN1"
"RAB24",6.97751491396086e-11,-0.435678861086305,0.033,0.118,9.56896395300592e-07,"Naive CD4 T","RAB24"
"ALOX5AP",7.57585042974178e-11,-0.508337205761921,0.148,0.266,1.03895212793479e-06,"Naive CD4 T","ALOX5AP"
"PEBP1",8.14082310158454e-11,0.395656558365191,0.469,0.35,1.1164324801513e-06,"Naive CD4 T","PEBP1"
"SMS",8.4404418138468e-11,-0.49197030536394,0.088,0.197,1.15752219035095e-06,"Naive CD4 T","SMS"
"TNFRSF1A",1.02819246942166e-10,-0.445713023690789,0.032,0.115,1.41006315256487e-06,"Naive CD4 T","TNFRSF1A"
"C12orf75",1.03694896112325e-10,-0.563505162619495,0.066,0.163,1.42207180528443e-06,"Naive CD4 T","C12orf75"
"P4HB",1.08650439328905e-10,-0.445550079661975,0.145,0.271,1.49003212495661e-06,"Naive CD4 T","P4HB"
"HCLS1",1.25646066199706e-10,-0.457196402052907,0.281,0.425,1.72311015186277e-06,"Naive CD4 T","HCLS1"
"RER1",1.2627555000652e-10,-0.294133461487037,0.136,0.259,1.73174289278942e-06,"Naive CD4 T","RER1"
"TMEM179B",1.31344990624866e-10,-0.446362004848655,0.083,0.19,1.80126520142941e-06,"Naive CD4 T","TMEM179B"
"PRDX2",1.51332484571453e-10,0.466879626824958,0.373,0.261,2.07537369341291e-06,"Naive CD4 T","PRDX2"
"PMAIP1",1.63357647223245e-10,-0.51245116337607,0.062,0.159,2.24028677401959e-06,"Naive CD4 T","PMAIP1"
"SDCBP",1.68793544982537e-10,-0.450894437504597,0.151,0.278,2.31483467589051e-06,"Naive CD4 T","SDCBP"
"IFIT3",1.81579638501511e-10,-0.393832792710031,0.043,0.132,2.49018316240972e-06,"Naive CD4 T","IFIT3"
"ATP6V0E1",1.96651594776899e-10,-0.524443154341971,0.451,0.606,2.69687997077039e-06,"Naive CD4 T","ATP6V0E1"
"PDIA6",2.07616753157279e-10,-0.36760105333504,0.149,0.273,2.84725615279893e-06,"Naive CD4 T","PDIA6"
"LAP3",2.10123776625604e-10,-0.402439150813006,0.079,0.183,2.88163747264354e-06,"Naive CD4 T","LAP3"
"IQGAP1",2.15072396171905e-10,-0.40380459052585,0.046,0.135,2.94950284110151e-06,"Naive CD4 T","IQGAP1"
"PLAC8",2.19702984132751e-10,-0.727837653178611,0.374,0.488,3.01300672439655e-06,"Naive CD4 T","PLAC8"
"MYO1G",2.20023497754133e-10,-0.433920128037896,0.142,0.268,3.01740224820018e-06,"Naive CD4 T","MYO1G"
"OAZ2",2.45667337698223e-10,-0.50550343139103,0.085,0.191,3.36908186919343e-06,"Naive CD4 T","OAZ2"
"TRAPPC1",2.53936859995687e-10,-0.380564395805082,0.337,0.491,3.48249009798085e-06,"Naive CD4 T","TRAPPC1"
"UBE2J1",2.85621475379053e-10,-0.456727876604295,0.049,0.138,3.91701291334833e-06,"Naive CD4 T","UBE2J1"
"SOD1",2.92304205854234e-10,0.436086729498857,0.585,0.486,4.00865987908497e-06,"Naive CD4 T","SOD1"
"ATG3",2.92615659956341e-10,-0.471110376517097,0.126,0.244,4.01293116064126e-06,"Naive CD4 T","ATG3"
"ERP44",2.99678227638684e-10,-0.4699861367004,0.096,0.205,4.10978721383692e-06,"Naive CD4 T","ERP44"
"POLE4",2.99924435991154e-10,-0.452815029145602,0.108,0.221,4.11316371518268e-06,"Naive CD4 T","POLE4"
"LAMTOR4",3.05608269895917e-10,-0.501618406420783,0.429,0.553,4.1911118133526e-06,"Naive CD4 T","LAMTOR4"
"SLC2A3",3.09549113816926e-10,0.448256066877432,0.333,0.223,4.24515654688533e-06,"Naive CD4 T","SLC2A3"
"SELM",3.22992956306112e-10,0.383264293501673,0.165,0.082,4.42952540278201e-06,"Naive CD4 T","SELM"
"SOD2",3.95480738299466e-10,-0.553798954612393,0.121,0.232,5.42362284503888e-06,"Naive CD4 T","SOD2"
"UCP2",3.98268554960886e-10,-0.479286926434525,0.468,0.596,5.46185496273359e-06,"Naive CD4 T","UCP2"
"NAAA",4.07363529806953e-10,-0.41081333029034,0.099,0.21,5.58658344777255e-06,"Naive CD4 T","NAAA"
"CLTA",4.25031712857409e-10,-0.467512672648405,0.198,0.326,5.82888491012651e-06,"Naive CD4 T","CLTA"
"MAP2K3",4.42539539955126e-10,-0.44080560688537,0.07,0.168,6.0689872509446e-06,"Naive CD4 T","MAP2K3"
"CD97",4.45722216894933e-10,-0.428897549075369,0.138,0.257,6.1126344824971e-06,"Naive CD4 T","CD97"
"HERPUD1",4.53229021739107e-10,-0.455618077034966,0.128,0.243,6.21558280413011e-06,"Naive CD4 T","HERPUD1"
"RNH1",4.97582770192105e-10,-0.389165564675492,0.211,0.343,6.82385011041453e-06,"Naive CD4 T","RNH1"
"LAT",5.26567679020299e-10,0.413967846461395,0.301,0.191,7.22134915008438e-06,"Naive CD4 T","LAT"
"COPE",5.42653723923705e-10,-0.422133857320198,0.329,0.477,7.44195316988969e-06,"Naive CD4 T","COPE"
"TMEM205",6.53177503684397e-10,-0.573877819545782,0.049,0.136,8.95767628552782e-06,"Naive CD4 T","TMEM205"
"NDUFS6",6.54325257920768e-10,-0.38751105193996,0.142,0.263,8.97341658712541e-06,"Naive CD4 T","NDUFS6"
"RAB10",7.3926201589513e-10,-0.431582745698302,0.077,0.178,1.01382392859858e-05,"Naive CD4 T","RAB10"
"TREX1",7.41188190876576e-10,-0.439025699669443,0.056,0.146,1.01646548496814e-05,"Naive CD4 T","TREX1"
"ACAP1",7.60070073811044e-10,0.588774148029261,0.387,0.273,1.04236009922447e-05,"Naive CD4 T","ACAP1"
"PRDX1",8.43300805096437e-10,-0.413468987035913,0.208,0.34,1.15650272410925e-05,"Naive CD4 T","PRDX1"
"OSTF1",8.5680094525495e-10,-0.424185203246528,0.217,0.345,1.17501681632264e-05,"Naive CD4 T","OSTF1"
"PARVG",9.43249065791931e-10,-0.394654525559234,0.079,0.179,1.29357176882705e-05,"Naive CD4 T","PARVG"
"CAPNS1",1.01288388783343e-09,-0.345599912601759,0.06,0.155,1.38906896377477e-05,"Naive CD4 T","CAPNS1"
"CD40LG",1.09059255557856e-09,0.380562634546457,0.164,0.083,1.49563863072043e-05,"Naive CD4 T","CD40LG"
"GIMAP7",1.12084388727739e-09,0.270141156231744,0.617,0.513,1.53712530701222e-05,"Naive CD4 T","GIMAP7"
"PASK",1.13190266016519e-09,0.269861740623877,0.112,0.047,1.55229130815054e-05,"Naive CD4 T","PASK"
"CKLF",1.17281491150455e-09,-0.384979279225875,0.132,0.246,1.60839836963734e-05,"Naive CD4 T","CKLF"
"ENY2",1.19903815291149e-09,-0.461728868903812,0.116,0.225,1.64436092290281e-05,"Naive CD4 T","ENY2"
"CXCR4",1.2446685204506e-09,0.2824280139034,0.687,0.57,1.70693840894596e-05,"Naive CD4 T","CXCR4"
"AQP3",1.26100263392918e-09,0.419931969556059,0.238,0.142,1.72933901217048e-05,"Naive CD4 T","AQP3"
"CHMP4B",1.28718031953506e-09,-0.402658065848603,0.099,0.205,1.76523909021039e-05,"Naive CD4 T","CHMP4B"
"ATP5B",1.48979641911586e-09,-0.397417861534829,0.31,0.442,2.04310680917549e-05,"Naive CD4 T","ATP5B"
"SUSD3",1.49980973335977e-09,0.405688419753224,0.208,0.12,2.05683906832958e-05,"Naive CD4 T","SUSD3"
"PLEKHO1",1.55643983942865e-09,-0.330225114265501,0.027,0.101,2.13450159579245e-05,"Naive CD4 T","PLEKHO1"
"PGD",1.76820270282531e-09,-0.443811903467657,0.055,0.141,2.42491318665462e-05,"Naive CD4 T","PGD"
"YWHAQ",1.97734408216806e-09,-0.436709420893739,0.201,0.321,2.71172967428528e-05,"Naive CD4 T","YWHAQ"
"COX7C",1.98833657248959e-09,0.350543756609675,0.746,0.681,2.72680477551223e-05,"Naive CD4 T","COX7C"
"VIMP",1.99585207670435e-09,-0.269750594960822,0.08,0.179,2.73711153799235e-05,"Naive CD4 T","VIMP"
"COX5B",2.23922842022902e-09,-0.446836580750354,0.418,0.535,3.07087785550208e-05,"Naive CD4 T","COX5B"
"XAF1",2.56921573291278e-09,-0.311577424978766,0.129,0.241,3.52342245611659e-05,"Naive CD4 T","XAF1"
"EIF6",2.61408220480784e-09,-0.383197369106744,0.141,0.256,3.58495233567347e-05,"Naive CD4 T","EIF6"
"RIC3",2.76368946227206e-09,0.342272187373362,0.154,0.076,3.7901237285599e-05,"Naive CD4 T","RIC3"
"DBNL",3.18571704439689e-09,-0.439009250496596,0.158,0.273,4.36889235468589e-05,"Naive CD4 T","DBNL"
"PCED1B",3.29316418265504e-09,0.326724204806771,0.105,0.043,4.51624536009313e-05,"Naive CD4 T","PCED1B"
"ATP6V0E2",3.45050789736262e-09,0.540092857775828,0.141,0.068,4.7320265304431e-05,"Naive CD4 T","ATP6V0E2"
"PPP1R18",3.8370118746878e-09,-0.460981638694062,0.197,0.316,5.26207808494685e-05,"Naive CD4 T","PPP1R18"
"BCL11B",3.846365646345e-09,0.381904307453877,0.133,0.063,5.27490584739754e-05,"Naive CD4 T","BCL11B"
"TMEM204",3.85309417871495e-09,0.393551488165534,0.128,0.06,5.28413335668968e-05,"Naive CD4 T","TMEM204"
"RTN4",4.02605673915404e-09,-0.459287890121029,0.158,0.273,5.52133421207586e-05,"Naive CD4 T","RTN4"
"RILPL2",4.19817788539373e-09,-0.48139924442623,0.112,0.219,5.75738115202896e-05,"Naive CD4 T","RILPL2"
"CORO1A",4.46420968136146e-09,-0.285532685780276,0.762,0.822,6.12221715701911e-05,"Naive CD4 T","CORO1A"
"COX17",4.48636318184306e-09,-0.342429558609578,0.113,0.221,6.15259846757958e-05,"Naive CD4 T","COX17"
"SEC61B",4.63651850875602e-09,-0.28518625561495,0.228,0.352,6.35852148290801e-05,"Naive CD4 T","SEC61B"
"ARF5",4.64524405580263e-09,-0.366531878586605,0.205,0.332,6.37048769812772e-05,"Naive CD4 T","ARF5"
"GUK1",4.7588873704564e-09,-0.406842836991696,0.382,0.517,6.52633813984391e-05,"Naive CD4 T","GUK1"
"COX6B1",4.77616019892711e-09,-0.331970245010977,0.489,0.607,6.55002609680864e-05,"Naive CD4 T","COX6B1"
"PSMB10",5.29916765373216e-09,-0.388124111783646,0.258,0.391,7.26727852032828e-05,"Naive CD4 T","PSMB10"
"BUD31",5.31379068597323e-09,-0.391226917768321,0.168,0.289,7.28733254674368e-05,"Naive CD4 T","BUD31"
"CYTIP",5.41564132619463e-09,0.285427689972063,0.422,0.314,7.42701051474331e-05,"Naive CD4 T","CYTIP"
"CYC1",5.56870767997089e-09,-0.356264431009612,0.116,0.222,7.63692571231207e-05,"Naive CD4 T","CYC1"
"SAMD9L",6.04550954832595e-09,-0.456122219435369,0.042,0.118,8.29081179457421e-05,"Naive CD4 T","SAMD9L"
"MGAT4A",6.29369802647669e-09,0.414995389093742,0.188,0.106,8.63117747351013e-05,"Naive CD4 T","MGAT4A"
"CD5",6.46715890158419e-09,0.382799037293378,0.122,0.056,8.86906171763255e-05,"Naive CD4 T","CD5"
"CD52",6.549301332913e-09,-0.254780412898473,0.901,0.893,8.98171184795689e-05,"Naive CD4 T","CD52"
"SASH3",6.62187307282095e-09,-0.352619071276669,0.06,0.146,9.08123673206665e-05,"Naive CD4 T","SASH3"
"ATP6V1B2",8.21565950620711e-09,-0.324113722965174,0.03,0.101,0.000112669554468124,"Naive CD4 T","ATP6V1B2"
"PDIA3",9.00443157924480e-09,-0.473142736771528,0.244,0.372,0.000123486774677763,"Naive CD4 T","PDIA3"
"GDI2",9.9452011381129e-09,-0.466587355074325,0.22,0.335,0.00013638848840808,"Naive CD4 T","GDI2"
"TPM3",1.00641654937284e-08,-0.41506152330619,0.379,0.51,0.000138019965580992,"Naive CD4 T","TPM3"
"RSL1D1",1.00668618464193e-08,0.442984530464162,0.405,0.3,0.000138056943361795,"Naive CD4 T","RSL1D1"
"NR4A1",1.10876991304733e-08,-0.341527624068334,0.049,0.129,0.00015205670587531,"Naive CD4 T","NR4A1"
"UBB",1.1363055360141e-08,-0.352329723316181,0.713,0.807,0.000155832941208974,"Naive CD4 T","UBB"
"CNDP2",1.15735211674609e-08,-0.389027941623558,0.044,0.121,0.000158719269290558,"Naive CD4 T","CNDP2"
"CDKN2D",1.18855842933296e-08,-0.499554391799657,0.143,0.25,0.000162998902998723,"Naive CD4 T","CDKN2D"
"MAP1LC3B",1.22405523966135e-08,-0.385161515546679,0.169,0.281,0.000167866935567158,"Naive CD4 T","MAP1LC3B"
"SRSF9",1.23481002013115e-08,-0.446961987043876,0.217,0.34,0.000169341846160786,"Naive CD4 T","SRSF9"
"BCL2",1.28627983709412e-08,0.348883757044871,0.126,0.06,0.000176400416859087,"Naive CD4 T","BCL2"
"NDUFB10",1.31546648934077e-08,-0.258197923284775,0.241,0.365,0.000180403074348194,"Naive CD4 T","NDUFB10"
"DECR1",1.34433575492782e-08,-0.358045074638413,0.11,0.214,0.000184362205430801,"Naive CD4 T","DECR1"
"COMMD3",1.35674075720166e-08,-0.408535388189969,0.065,0.15,0.000186063427442636,"Naive CD4 T","COMMD3"
"MRPL28",1.4414884877085e-08,-0.412052218755596,0.047,0.125,0.000197685731204343,"Naive CD4 T","MRPL28"
"SRA1",1.45004386913472e-08,-0.470639598423345,0.047,0.126,0.000198859016213135,"Naive CD4 T","SRA1"
"SSBP4",1.49979928114868e-08,-0.322957265160402,0.063,0.148,0.000205682473416731,"Naive CD4 T","SSBP4"
"PTP4A2",1.52790414640596e-08,-0.373251980025402,0.154,0.267,0.000209536774638113,"Naive CD4 T","PTP4A2"
"FERMT3",1.61684750303569e-08,-0.579940533810403,0.11,0.21,0.000221734466566315,"Naive CD4 T","FERMT3"
"PTPRE",1.71456386464302e-08,-0.368127162609625,0.036,0.107,0.000235135288397143,"Naive CD4 T","PTPRE"
"JUN",1.72906535596635e-08,0.308575045693095,0.775,0.731,0.000237124022917226,"Naive CD4 T","JUN"
"TXK",1.74052233511748e-08,0.319592560799558,0.126,0.06,0.000238695233038011,"Naive CD4 T","TXK"
"SATB1",1.77360807067437e-08,0.355109415170008,0.136,0.068,0.000243232610812283,"Naive CD4 T","SATB1"
"RP11-51J9.5",1.83269281212121e-08,0.421786186969178,0.172,0.095,0.000251335492254303,"Naive CD4 T","RP11-51J9.5"
"ST13",2.01746189904696e-08,0.479262553797001,0.471,0.379,0.0002766747248353,"Naive CD4 T","ST13"
"C10orf54",2.04245859396911e-08,-0.409632127136849,0.291,0.402,0.000280102771576924,"Naive CD4 T","C10orf54"
"DDX5",2.29768583161648e-08,0.271918699513589,0.858,0.798,0.000315104634947884,"Naive CD4 T","DDX5"
"CECR1",2.32959156708403e-08,-0.325198437740053,0.05,0.129,0.000319480187509904,"Naive CD4 T","CECR1"
"BAG1",2.5481197173535e-08,-0.328019623347743,0.106,0.203,0.000349449138037859,"Naive CD4 T","BAG1"
"POMP",2.74524387948952e-08,-0.319015017165803,0.089,0.181,0.000376482745633193,"Naive CD4 T","POMP"
"POLD4",3.23796247738336e-08,-0.455742974782195,0.265,0.379,0.000444054174148353,"Naive CD4 T","POLD4"
"PSMD4",3.3234951057947e-08,-0.364724990487318,0.197,0.317,0.000455784118808685,"Naive CD4 T","PSMD4"
"C20orf27",3.33691733447621e-08,-0.434983756774033,0.067,0.151,0.000457624843250068,"Naive CD4 T","C20orf27"
"COX6A1",3.56382200547378e-08,-0.414781471797637,0.399,0.51,0.000488742549830674,"Naive CD4 T","COX6A1"
"SCP2",3.61443920040712e-08,-0.494149349385176,0.191,0.305,0.000495684191943832,"Naive CD4 T","SCP2"
"SERPINB6",3.97705923872608e-08,-0.393864250968553,0.122,0.22,0.000545413903998895,"Naive CD4 T","SERPINB6"
"ADRM1",4.12828986893882e-08,-0.388226321869962,0.106,0.201,0.00056615367262627,"Naive CD4 T","ADRM1"
"UQCRFS1",4.36992464991726e-08,-0.333939778859863,0.204,0.318,0.000599291466489653,"Naive CD4 T","UQCRFS1"
"SH3GLB1",4.42234913940924e-08,-0.465580672863553,0.077,0.165,0.000606480960978584,"Naive CD4 T","SH3GLB1"
"MX1",4.47778349937165e-08,-0.448686215985013,0.142,0.245,0.000614083229103828,"Naive CD4 T","MX1"
"NDUFB11",4.66965423169906e-08,-0.365861590980552,0.308,0.443,0.00064039638133521,"Naive CD4 T","NDUFB11"
"IER2",4.73493948263959e-08,-0.324571808090124,0.56,0.664,0.000649349600649193,"Naive CD4 T","IER2"
"JUND",4.75915209338435e-08,-0.452790879578307,0.089,0.177,0.00065267011808673,"Naive CD4 T","JUND"
"GRB2",4.7828818769299e-08,-0.416182452108026,0.113,0.21,0.000655924420602166,"Naive CD4 T","GRB2"
"MSN",5.6481623639981e-08,-0.363290779135138,0.201,0.316,0.0007745889865987,"Naive CD4 T","MSN"
"SDHB",6.06495272506974e-08,-0.563212719573845,0.141,0.244,0.000831747616716064,"Naive CD4 T","SDHB"
"UNC119",6.35929659399811e-08,-0.280589864559402,0.047,0.122,0.000872113934900901,"Naive CD4 T","UNC119"
"MAPKAPK3",6.66391295165675e-08,-0.300709850794917,0.06,0.14,0.000913889022190206,"Naive CD4 T","MAPKAPK3"
"CHST12",6.92142270691433e-08,-0.388259991742536,0.06,0.137,0.000949203910026231,"Naive CD4 T","CHST12"
"ARPC5",7.03437287005907e-08,-0.317566915509097,0.451,0.555,0.0009646938953999,"Naive CD4 T","ARPC5"
"TPST2",7.06448973033234e-08,-0.489691468777796,0.083,0.165,0.000968824121617778,"Naive CD4 T","TPST2"
"NDUFA11",7.09484659721277e-08,-0.28215350751791,0.32,0.447,0.000972987262341759,"Naive CD4 T","NDUFA11"
"PSMA4",7.22662779528377e-08,-0.322825590470596,0.079,0.165,0.000991059735845216,"Naive CD4 T","PSMA4"
"PRKCB",7.28333510657614e-08,-0.518416800729823,0.079,0.162,0.000998836576515852,"Naive CD4 T","PRKCB"
"STMN3",7.59951767169529e-08,0.368254069624686,0.159,0.088,0.00104219785349629,"Naive CD4 T","STMN3"
"LAPTM5",7.9826803984122e-08,-0.338677804746935,0.74,0.811,0.00109474478983825,"Naive CD4 T","LAPTM5"
"SELT",8.59666678347853e-08,-0.374424020072081,0.22,0.33,0.00117894688268625,"Naive CD4 T","SELT"
"UBE2A",8.69363328698597e-08,-0.321226666817616,0.065,0.144,0.00119224486897726,"Naive CD4 T","UBE2A"
"STX10",8.83361826275747e-08,-0.376140626844746,0.083,0.17,0.00121144240855456,"Naive CD4 T","STX10"
"CD69",9.28657339171516e-08,0.279278908472314,0.448,0.33,0.00127356067493982,"Naive CD4 T","CD69"
"PPA1",9.965071471931e-08,0.362274044065388,0.38,0.293,0.00136660990166062,"Naive CD4 T","PPA1"
"SNRPD2",1.01235982574984e-07,0.341681401759032,0.626,0.549,0.00138835026503333,"Naive CD4 T","SNRPD2"
"NAPRT1",1.06392894306702e-07,-0.417954184127562,0.067,0.146,0.00145907215252211,"Naive CD4 T","NAPRT1"
"MOB1A",1.06546141370062e-07,-0.388294863404966,0.126,0.222,0.00146117378274903,"Naive CD4 T","MOB1A"
"APMAP",1.0760390867756e-07,-0.296290651711927,0.066,0.143,0.00147568000360406,"Naive CD4 T","APMAP"
"SNX5",1.09777155716447e-07,-0.346546366784804,0.052,0.126,0.00150548391349535,"Naive CD4 T","SNX5"
"DUSP23",1.10605171173809e-07,-0.310625773706169,0.049,0.121,0.00151683931747761,"Naive CD4 T","DUSP23"
"SHKBP1",1.12528138239903e-07,-0.309489161358997,0.099,0.19,0.00154321088782203,"Naive CD4 T","SHKBP1"
"EIF4E2",1.14165243151615e-07,-0.394708737926218,0.092,0.179,0.00156566214458125,"Naive CD4 T","EIF4E2"
"SP110",1.24308509016987e-07,-0.274954678167822,0.199,0.314,0.00170476689265896,"Naive CD4 T","SP110"
"LGALS3BP",1.26520499591938e-07,0.323219942314742,0.106,0.05,0.00173510213140384,"Naive CD4 T","LGALS3BP"
"NDUFA13",1.30005929403392e-07,-0.34173627435893,0.373,0.493,0.00178290131583812,"Naive CD4 T","NDUFA13"
"NOTCH2NL",1.30701981503759e-07,-0.35701787877921,0.05,0.123,0.00179244697434255,"Naive CD4 T","NOTCH2NL"
"BTG2",1.31347610139721e-07,0.431673892419617,0.428,0.338,0.00180130112545613,"Naive CD4 T","BTG2"
"SNX17",1.36175823096694e-07,-0.418557296535939,0.145,0.245,0.00186751523794807,"Naive CD4 T","SNX17"
"GNAS",1.45493441815052e-07,-0.254269388724125,0.214,0.331,0.00199529706105162,"Naive CD4 T","GNAS"
"RGL4",1.47082314941373e-07,0.357934379851673,0.162,0.092,0.00201708686710599,"Naive CD4 T","RGL4"
"YWHAE",1.5291218481598e-07,-0.378654945914655,0.08,0.165,0.00209703770256634,"Naive CD4 T","YWHAE"
"CFLAR",1.53249901062957e-07,-0.345950210835478,0.126,0.223,0.00210166914317739,"Naive CD4 T","CFLAR"
"COA3",1.53891021582726e-07,-0.328860832722371,0.066,0.144,0.00211046146998551,"Naive CD4 T","COA3"
"RNASET2",1.55470273628234e-07,-0.316155765531358,0.418,0.529,0.0021321193325376,"Naive CD4 T","RNASET2"
"JOSD2",1.68632419576312e-07,-0.314613898064276,0.044,0.114,0.00231262500206954,"Naive CD4 T","JOSD2"
"C5orf56",1.68922927121579e-07,-0.460068584613215,0.069,0.145,0.00231660902254534,"Naive CD4 T","C5orf56"
"POLR2L",1.75319909298901e-07,-0.319172663321159,0.267,0.392,0.00240433723612513,"Naive CD4 T","POLR2L"
"UBE2I",1.76376850423659e-07,-0.326581770283596,0.247,0.368,0.00241883212671006,"Naive CD4 T","UBE2I"
"RAB7A",1.79314381586214e-07,-0.425755804463531,0.231,0.343,0.00245911742907334,"Naive CD4 T","RAB7A"
"ETFA",1.81075526150055e-07,-0.357585997242356,0.075,0.155,0.00248326976562186,"Naive CD4 T","ETFA"
"AKR1A1",1.94116383167027e-07,-0.32807047289707,0.086,0.171,0.0026621120787526,"Naive CD4 T","AKR1A1"
"MRPS11",1.9728906449932e-07,-0.294488599958118,0.053,0.125,0.00270562223054367,"Naive CD4 T","MRPS11"
"RNASEH2C",2.03890562220592e-07,-0.357592871199815,0.106,0.196,0.0027961551702932,"Naive CD4 T","RNASEH2C"
"ITM2A",2.10936636857076e-07,0.562550816981984,0.182,0.107,0.00289278503785794,"Naive CD4 T","ITM2A"
"MIDN",2.12178585183e-07,-0.358913199451279,0.055,0.126,0.00290981711719966,"Naive CD4 T","MIDN"
"NDUFS7",2.14005873192397e-07,-0.416456736340312,0.215,0.321,0.00293487654496053,"Naive CD4 T","NDUFS7"
"LRRFIP1",2.1897188156203e-07,-0.253624118297141,0.277,0.386,0.00300298038374168,"Naive CD4 T","LRRFIP1"
"UBL5",2.3381063212308e-07,-0.336069724035403,0.363,0.476,0.00320647900893592,"Naive CD4 T","UBL5"
"TSEN34",2.46334291297434e-07,-0.305160879419145,0.046,0.114,0.00337822847085301,"Naive CD4 T","TSEN34"
"HM13",2.84545528331814e-07,-0.264738726130066,0.08,0.163,0.0039022573755425,"Naive CD4 T","HM13"
"NINJ1",3.03334058288364e-07,-0.384689374094548,0.093,0.178,0.00415992327536662,"Naive CD4 T","NINJ1"
"BSG",3.04626562138111e-07,-0.336306058132256,0.174,0.277,0.00417764867316205,"Naive CD4 T","BSG"
"NCR3",3.16197957164189e-07,-0.518168144678277,0.046,0.111,0.00433633878454968,"Naive CD4 T","NCR3"
"SAMHD1",3.31996988601707e-07,-0.404508333509898,0.169,0.269,0.00455300670168381,"Naive CD4 T","SAMHD1"
"ITGAL",3.43281946597437e-07,-0.337776537307953,0.052,0.121,0.00470776861563725,"Naive CD4 T","ITGAL"
"FIBP",3.46567116307113e-07,-0.349618630251536,0.108,0.196,0.00475282143303575,"Naive CD4 T","FIBP"
"NBEAL1",3.6154734448386e-07,0.259760204509726,0.736,0.668,0.00495826028225166,"Naive CD4 T","NBEAL1"
"IFI27L2",3.70904911773742e-07,-0.320035822174007,0.1,0.187,0.00508658996006509,"Naive CD4 T","IFI27L2"
"LRPAP1",3.8425590374916e-07,-0.280706723593214,0.113,0.205,0.00526968546401598,"Naive CD4 T","LRPAP1"
"PHPT1",3.92389697939131e-07,-0.369431855088115,0.1,0.187,0.00538123231753725,"Naive CD4 T","PHPT1"
"LAIR1",4.044245552974e-07,-0.384987271670962,0.043,0.108,0.00554627835134854,"Naive CD4 T","LAIR1"
"PSMD8",4.31244073054917e-07,-0.287667146935961,0.22,0.33,0.00591408121787513,"Naive CD4 T","PSMD8"
"SAT2",4.59314255430984e-07,-0.43750912670765,0.108,0.194,0.00629903569898051,"Naive CD4 T","SAT2"
"ZYX",4.68015603800751e-07,-0.377779273034396,0.089,0.173,0.0064183659905235,"Naive CD4 T","ZYX"
"SSNA1",5.14547901435887e-07,-0.285485100192388,0.151,0.251,0.00705650992029175,"Naive CD4 T","SSNA1"
"ADIPOR1",5.49605131975768e-07,-0.319421213773161,0.075,0.151,0.00753728477991568,"Naive CD4 T","ADIPOR1"
"ATP2B1",5.56432613106989e-07,-0.284770825178245,0.05,0.118,0.00763091685614925,"Naive CD4 T","ATP2B1"
"UXT",5.59171325784637e-07,0.337310764507307,0.468,0.388,0.00766847556181051,"Naive CD4 T","UXT"
"PEPD",5.61848229887904e-07,-0.308540469987416,0.062,0.134,0.00770518662468272,"Naive CD4 T","PEPD"
"PTPN18",5.81314232021257e-07,-0.323509668705138,0.083,0.163,0.00797214337793952,"Naive CD4 T","PTPN18"
"RASSF1",6.42337584578532e-07,-0.386133517488774,0.043,0.106,0.00880901763490998,"Naive CD4 T","RASSF1"
"DCTN3",6.63891680343051e-07,-0.257942942948946,0.161,0.26,0.0091046105042246,"Naive CD4 T","DCTN3"
"IDH3G",6.93911437964357e-07,-0.433624814570281,0.132,0.224,0.00951630146024319,"Naive CD4 T","IDH3G"
"SOCS3",7.01495741478875e-07,0.513978803068465,0.231,0.156,0.0096203125986413,"Naive CD4 T","SOCS3"
"VDAC1",7.41149452043398e-07,-0.313925915707034,0.143,0.24,0.0101641235853232,"Naive CD4 T","VDAC1"
"MTMR14",7.86483696315958e-07,-0.294582196092896,0.057,0.127,0.010785837411277,"Naive CD4 T","MTMR14"
"ILK",8.49077593973083e-07,-0.389809150437115,0.062,0.131,0.0116442501237469,"Naive CD4 T","ILK"
"COMMD9",8.53167838214942e-07,-0.29336698109238,0.067,0.141,0.0117003437332797,"Naive CD4 T","COMMD9"
"TCF25",9.02108964941193e-07,-0.277919022346413,0.181,0.281,0.0123715223452035,"Naive CD4 T","TCF25"
"GHITM",9.04561625916966e-07,-0.400870821270752,0.294,0.402,0.0124051581378253,"Naive CD4 T","GHITM"
"GZMK",9.11153113597879e-07,-0.791079888683444,0.063,0.131,0.0124955537998813,"Naive CD4 T","GZMK"
"HIGD2A",9.24997474513027e-07,-0.302769545043502,0.41,0.526,0.0126854153654717,"Naive CD4 T","HIGD2A"
"PSMA5",9.25187579993541e-07,-0.328659526779706,0.189,0.298,0.0126880224720314,"Naive CD4 T","PSMA5"
"CSNK2B",9.52382084189894e-07,-0.43478748327276,0.261,0.371,0.0130609679025802,"Naive CD4 T","CSNK2B"
"FAM45A",9.77189486891561e-07,-0.346051492245474,0.04,0.101,0.0134011766232309,"Naive CD4 T","FAM45A"
"CISD3",1.15219355403852e-06,-0.311267416925355,0.073,0.148,0.0158011824000843,"Naive CD4 T","CISD3"
"ARPC5L",1.19352393148147e-06,-0.444890186171714,0.125,0.208,0.0163679871963369,"Naive CD4 T","ARPC5L"
"MYD88",1.2121640774947e-06,-0.277722111143418,0.076,0.152,0.0166236181587623,"Naive CD4 T","MYD88"
"FOSB",1.23506247466621e-06,-0.374845880504656,0.418,0.513,0.0169376467775725,"Naive CD4 T","FOSB"
"EEF1G",1.31958328925305e-06,0.396063908918425,0.303,0.225,0.0180967652288163,"Naive CD4 T","EEF1G"
"ADRBK1",1.38187408598196e-06,-0.317206741958416,0.052,0.116,0.0189510212151566,"Naive CD4 T","ADRBK1"
"POLR3K",1.45375085209062e-06,-0.342134464098223,0.059,0.127,0.0199367391855707,"Naive CD4 T","POLR3K"
"MIEN1",1.45794148439949e-06,-0.264923677089441,0.118,0.205,0.0199942095170545,"Naive CD4 T","MIEN1"
"C9orf16",1.53727792290685e-06,-0.356542997753497,0.286,0.393,0.0210822294347446,"Naive CD4 T","C9orf16"
"PRDX3",1.68578320794833e-06,-0.429796678279015,0.08,0.155,0.0231188309138034,"Naive CD4 T","PRDX3"
"FBXW5",1.74411945720455e-06,-0.326262407345349,0.08,0.155,0.0239188542361033,"Naive CD4 T","FBXW5"
"NT5C",1.98663334373752e-06,-0.43167799718849,0.075,0.145,0.0272446896760163,"Naive CD4 T","NT5C"
"ACTR2",2.0159858350307e-06,-0.346568146127927,0.131,0.215,0.0276472297416111,"Naive CD4 T","ACTR2"
"CAPZB",2.059153332622e-06,-0.258013003004331,0.488,0.586,0.0282392288035781,"Naive CD4 T","CAPZB"
"IFI44L",2.06459410912073e-06,-0.393299415033393,0.197,0.293,0.0283138436124817,"Naive CD4 T","IFI44L"
"ERCC1",2.09807500449858e-06,-0.280322053002166,0.067,0.138,0.0287730006116935,"Naive CD4 T","ERCC1"
"RALB",2.13271684778312e-06,-0.277336396620158,0.043,0.103,0.0292480788504977,"Naive CD4 T","RALB"
"EMC7",2.13804973087965e-06,-0.352024654589283,0.116,0.2,0.0293212140092835,"Naive CD4 T","EMC7"
"CYB561A3",2.29805199932562e-06,-0.397459007208098,0.049,0.109,0.0315154851187516,"Naive CD4 T","CYB561A3"
"VKORC1",2.54625896460335e-06,-0.377778344235025,0.076,0.147,0.0349193954405703,"Naive CD4 T","VKORC1"
"VMA21",2.57228616797929e-06,-0.270441417990815,0.043,0.103,0.035276332507668,"Naive CD4 T","VMA21"
"MMP24-AS1",2.6363447043869e-06,-0.270543051303126,0.07,0.14,0.0361548312759619,"Naive CD4 T","MMP24-AS1"
"DRAP1",2.71227371450443e-06,-0.383840676399395,0.39,0.494,0.0371961217207137,"Naive CD4 T","DRAP1"
"FOXP1",2.72880429132854e-06,0.471507352074413,0.218,0.147,0.0374228220512795,"Naive CD4 T","FOXP1"
"TMBIM4.1",2.87135616380924e-06,-0.447440804020336,0.217,0.318,0.0393777784304799,"Naive CD4 T","TMBIM4.1"
"RABGAP1L",2.92004843164326e-06,-0.293287344962141,0.05,0.112,0.0400455441915556,"Naive CD4 T","RABGAP1L"
"RPS19BP1",3.01248373615958e-06,-0.357688291869868,0.175,0.27,0.0413132019576925,"Naive CD4 T","RPS19BP1"
"IFI16",3.23893783448727e-06,-0.35567172932227,0.119,0.198,0.0444187934621585,"Naive CD4 T","IFI16"
"CISH",3.26882425179639e-06,0.252792502496006,0.118,0.064,0.0448286557891357,"Naive CD4 T","CISH"
"PSMB2",3.36740670290314e-06,-0.269011034748552,0.152,0.241,0.0461806155236137,"Naive CD4 T","PSMB2"
"MAPK1",3.4637248856879e-06,-0.263640154143166,0.052,0.113,0.0475015230823238,"Naive CD4 T","MAPK1"
"ITK",3.50536162285539e-06,0.289785925952312,0.119,0.064,0.0480725292958388,"Naive CD4 T","ITK"
"DHRS4L2",3.5995616644836e-06,-0.32680308263905,0.07,0.139,0.0493643886667281,"Naive CD4 T","DHRS4L2"
"STK17A",3.67278155168117e-06,0.261352986379209,0.387,0.294,0.0503685261997555,"Naive CD4 T","STK17A"
"PDCD6",3.67595334659128e-06,-0.31608336004538,0.215,0.318,0.0504120241951529,"Naive CD4 T","PDCD6"
"SHISA5",3.76475557366691e-06,-0.264999863526279,0.162,0.253,0.051629857937268,"Naive CD4 T","SHISA5"
"APH1A",3.82075030660516e-06,-0.322408692239413,0.141,0.227,0.0523977697047831,"Naive CD4 T","APH1A"
"CHMP2A",3.95665010399495e-06,-0.288740661752712,0.192,0.29,0.0542614995261867,"Naive CD4 T","CHMP2A"
"IFNGR1",4.03971071362173e-06,-0.26548748585553,0.049,0.108,0.0554005927266084,"Naive CD4 T","IFNGR1"
"TWF2",4.08092704109666e-06,-0.309290762402145,0.122,0.206,0.0559658334415995,"Naive CD4 T","TWF2"
"CD4",4.16548151134869e-06,-0.296952085776802,0.067,0.135,0.0571254134466359,"Naive CD4 T","CD4"
"C9orf142",4.25358364340028e-06,-0.445379993797051,0.176,0.266,0.0583336460855915,"Naive CD4 T","C9orf142"
"RALY",4.30318897547662e-06,-0.498910543322638,0.161,0.251,0.0590139336096863,"Naive CD4 T","RALY"
"AMICA1",4.37198642275071e-06,-0.395087264402529,0.195,0.288,0.0599574218016033,"Naive CD4 T","AMICA1"
"PLEKHJ1",4.45154495187526e-06,-0.357748473332687,0.108,0.185,0.0610484874700173,"Naive CD4 T","PLEKHJ1"
"PARK7",4.58184701777894e-06,-0.32220821532617,0.416,0.516,0.0628354500018204,"Naive CD4 T","PARK7"
"NMI",4.63051362681047e-06,-0.265838367748497,0.116,0.196,0.0635028638780788,"Naive CD4 T","NMI"
"TESPA1",4.86067649375798e-06,0.337412541475297,0.108,0.057,0.0666593174353969,"Naive CD4 T","TESPA1"
"CALR",5.0214971195556e-06,-0.258971270632885,0.207,0.307,0.0688648114975855,"Naive CD4 T","CALR"
"CCDC124",5.07653561959647e-06,-0.371972470790771,0.063,0.128,0.0696196094871459,"Naive CD4 T","CCDC124"
"BLOC1S2",5.11019183772506e-06,-0.281061363927324,0.106,0.182,0.0700811708625615,"Naive CD4 T","BLOC1S2"
"DHRS7",5.45055155180414e-06,-0.275589624587605,0.241,0.348,0.074748863981442,"Naive CD4 T","DHRS7"
"PRKAR1A",5.79015894523851e-06,-0.315765692588982,0.118,0.196,0.0794062397750009,"Naive CD4 T","PRKAR1A"
"PLEKHF2",6.38570609272847e-06,-0.364591028692579,0.049,0.106,0.0875735733556782,"Naive CD4 T","PLEKHF2"
"EZR",6.41588998885679e-06,-0.289033584694568,0.136,0.219,0.087987515307182,"Naive CD4 T","EZR"
"SNAPIN",6.90895771705315e-06,-0.398638406890244,0.069,0.133,0.0947494461316669,"Naive CD4 T","SNAPIN"
"EIF3E",6.95623398828357e-06,0.372033026495234,0.425,0.358,0.0953977929153208,"Naive CD4 T","EIF3E"
"GNAI3",7.32160689204649e-06,-0.302086951837123,0.092,0.163,0.100408516917526,"Naive CD4 T","GNAI3"
"SVIP",7.46637374898224e-06,0.298779117672571,0.182,0.117,0.102393849593542,"Naive CD4 T","SVIP"
"CD2BP2",7.65824238527209e-06,-0.276221817525262,0.06,0.122,0.105025136071622,"Naive CD4 T","CD2BP2"
"TIMM13",7.77364217597563e-06,-0.285133865191577,0.146,0.231,0.10660772880133,"Naive CD4 T","TIMM13"
"CRELD2",8.01552228332666e-06,-0.379762291924206,0.046,0.103,0.109924872593542,"Naive CD4 T","CRELD2"
"SCML4",8.34350589376228e-06,0.290250395499019,0.11,0.06,0.114422839827056,"Naive CD4 T","SCML4"
"ENSA",8.8510252819e-06,-0.346984756176417,0.24,0.338,0.121382960715977,"Naive CD4 T","ENSA"
"RNPEP",9.06498386946834e-06,-0.269528286385279,0.05,0.108,0.124317188785889,"Naive CD4 T","RNPEP"
"UBE2D1",9.19064965738354e-06,-0.440808612596276,0.062,0.123,0.126040569401358,"Naive CD4 T","UBE2D1"
"C7orf73",9.59469512073426e-06,-0.294471842456269,0.123,0.202,0.13158164888575,"Naive CD4 T","C7orf73"
"ATP5G3",9.68960531170501e-06,-0.256711678742982,0.354,0.46,0.132883247244723,"Naive CD4 T","ATP5G3"
"SPN",1.01049029842582e-05,-0.321320746311031,0.093,0.164,0.138578639526116,"Naive CD4 T","SPN"
"KDELR2",1.01344250804201e-05,-0.333843272503572,0.122,0.199,0.138983505552881,"Naive CD4 T","KDELR2"
"PKM",1.03132907001523e-05,-0.304522116129555,0.354,0.451,0.141436468661889,"Naive CD4 T","PKM"
"WAS",1.08560836026948e-05,-0.269669292800452,0.156,0.245,0.148880330527356,"Naive CD4 T","WAS"
"WDR1",1.16783392059949e-05,-0.264662740352598,0.197,0.286,0.160156743871015,"Naive CD4 T","WDR1"
"ATP5I",1.18210452790329e-05,-0.284097075060156,0.221,0.314,0.162113814956657,"Naive CD4 T","ATP5I"
"GBP2",1.2458747087042e-05,-0.312890918312223,0.135,0.218,0.170859257551694,"Naive CD4 T","GBP2"
"LYAR",1.39432705332063e-05,-0.522180764733917,0.128,0.202,0.191218012092392,"Naive CD4 T","LYAR"
"TMEM50A",1.43268700998216e-05,-0.368819937777654,0.202,0.29,0.196478696548954,"Naive CD4 T","TMEM50A"
"PSMB7",1.49144281851809e-05,-0.321236183019257,0.247,0.34,0.204536468131571,"Naive CD4 T","PSMB7"
"ATM",1.63908807579148e-05,0.341581036662317,0.192,0.129,0.224784538714044,"Naive CD4 T","ATM"
"PSTPIP1",1.86347981653887e-05,-0.278627618205887,0.069,0.131,0.25555762204014,"Naive CD4 T","PSTPIP1"
"CCDC109B",1.92693046693395e-05,0.44564337192045,0.379,0.308,0.264259244235322,"Naive CD4 T","CCDC109B"
"TMEM208",2.0789240393235e-05,-0.362004895811396,0.08,0.144,0.285103642752825,"Naive CD4 T","TMEM208"
"SNRPB",2.1437509636842e-05,-0.368462563789345,0.275,0.373,0.293994007159652,"Naive CD4 T","SNRPB"
"PTGER2",2.40438827429626e-05,-0.274178047879792,0.089,0.156,0.32973780793699,"Naive CD4 T","PTGER2"
"AIMP1",2.80718518300845e-05,0.34601347503094,0.141,0.088,0.384977375997779,"Naive CD4 T","AIMP1"
"ZMAT2",2.82128176180097e-05,-0.286541038270309,0.123,0.198,0.386910580813385,"Naive CD4 T","ZMAT2"
"MCL1",2.94113689106697e-05,-0.26042332786628,0.331,0.437,0.403347513240925,"Naive CD4 T","MCL1"
"AURKAIP1",2.99417139820323e-05,-0.286974024565371,0.224,0.311,0.410620665549592,"Naive CD4 T","AURKAIP1"
"YIPF3",3.08329603771213e-05,-0.263682456421075,0.059,0.115,0.422843218611841,"Naive CD4 T","YIPF3"
"CDC37",3.27381824609851e-05,-0.306492415665813,0.164,0.249,0.448971434269949,"Naive CD4 T","CDC37"
"NDUFA6",3.32695008882872e-05,-0.26438231217596,0.115,0.185,0.45625793518197,"Naive CD4 T","NDUFA6"
"LDHA",3.41615122326995e-05,-0.306595040659915,0.426,0.517,0.468490978759241,"Naive CD4 T","LDHA"
"RTFDC1",3.42835418610072e-05,-0.314838650357204,0.152,0.232,0.470164493081853,"Naive CD4 T","RTFDC1"
"SNF8",3.50454941039883e-05,-0.321486582314632,0.135,0.211,0.480613906142095,"Naive CD4 T","SNF8"
"CHMP5",3.57304779665195e-05,-0.25284495237106,0.162,0.243,0.490007774832848,"Naive CD4 T","CHMP5"
"AP3S1",3.8361520428066e-05,-0.274025512477783,0.106,0.178,0.526089891150498,"Naive CD4 T","AP3S1"
"COPZ1",3.85428746414999e-05,-0.276790863624286,0.138,0.214,0.52857698283353,"Naive CD4 T","COPZ1"
"RNF213",3.89397858910337e-05,-0.3043663587997,0.165,0.25,0.534020223709636,"Naive CD4 T","RNF213"
"CUTA",4.24182898873894e-05,0.362972933488792,0.481,0.419,0.581724427515659,"Naive CD4 T","CUTA"
"HMGB2",4.2850962743899e-05,-0.306047387735331,0.258,0.347,0.587658103069831,"Naive CD4 T","HMGB2"
"METTL9",4.3228897974426e-05,-0.365012960668427,0.197,0.272,0.592841106821278,"Naive CD4 T","METTL9"
"GCC2",4.37156310851733e-05,0.337304414069039,0.155,0.101,0.599516164702067,"Naive CD4 T","GCC2"
"ILF2",4.38820227227252e-05,-0.26244409820461,0.146,0.223,0.601798059619454,"Naive CD4 T","ILF2"
"RPN1",4.42718735017807e-05,-0.2651760715501,0.073,0.132,0.60714447320342,"Naive CD4 T","RPN1"
"ADA",4.4980369288516e-05,-0.267096738252475,0.07,0.129,0.616860784422709,"Naive CD4 T","ADA"
"MZT2B",4.6084395237117e-05,0.350464236881159,0.423,0.36,0.632001396281822,"Naive CD4 T","MZT2B"
"LAPTM4A",4.62275917249493e-05,-0.305659446955467,0.166,0.245,0.633965192915955,"Naive CD4 T","LAPTM4A"
"ATP5F1",4.69545460229454e-05,-0.271271069585821,0.301,0.399,0.643934644158673,"Naive CD4 T","ATP5F1"
"NCKAP1L",4.77294330752243e-05,-0.295239330160189,0.065,0.123,0.654561445193625,"Naive CD4 T","NCKAP1L"
"UQCR11.1",5.18714398162717e-05,-0.256699595431068,0.509,0.589,0.71136492564035,"Naive CD4 T","UQCR11.1"
"VMP1",5.2159148142416e-05,-0.257915437345843,0.089,0.152,0.715310557625093,"Naive CD4 T","VMP1"
"DPP7",5.23290905384187e-05,-0.270252027359727,0.162,0.24,0.717641147643874,"Naive CD4 T","DPP7"
"ANXA2R",5.31093178123439e-05,0.263371234726455,0.225,0.161,0.728341184478484,"Naive CD4 T","ANXA2R"
"TMA7",5.46238962357825e-05,0.311629908571191,0.723,0.655,0.749112112977521,"Naive CD4 T","TMA7"
"PDLIM2",5.47948278157557e-05,-0.257430969038722,0.108,0.175,0.751456268665273,"Naive CD4 T","PDLIM2"
"DNAJC7",5.66212765724384e-05,-0.335738974421946,0.106,0.174,0.77650418691442,"Naive CD4 T","DNAJC7"
"CAPN1",5.86141372607169e-05,-0.251561054505634,0.08,0.141,0.803834278393471,"Naive CD4 T","CAPN1"
"MRPL51",6.04199726448088e-05,-0.316351568686543,0.148,0.224,0.828599504850908,"Naive CD4 T","MRPL51"
"LTA4H",6.19198716976886e-05,-0.314777707739996,0.115,0.181,0.849169120462102,"Naive CD4 T","LTA4H"
"SELK",6.53370587962618e-05,-0.265781934750004,0.23,0.316,0.896032424331935,"Naive CD4 T","SELK"
"C11orf31",6.66750889280074e-05,-0.273733226568854,0.379,0.471,0.914382169558694,"Naive CD4 T","C11orf31"
"NUDT22",6.71050421182304e-05,-0.256567163339896,0.055,0.106,0.920278547609412,"Naive CD4 T","NUDT22"
"DNAJA1",6.96018587747384e-05,-0.316825780711042,0.23,0.32,0.954519891236763,"Naive CD4 T","DNAJA1"
"DUSP1",7.05632825994793e-05,-0.25860091637379,0.871,0.899,0.967704857569259,"Naive CD4 T","DUSP1"
"SPOCK2",7.08758353693384e-05,0.301456512458128,0.263,0.19,0.971991206255107,"Naive CD4 T","SPOCK2"
"PRMT10",7.13152170930462e-05,0.303742973120064,0.125,0.076,0.978016887214036,"Naive CD4 T","PRMT10"
"GMFG",8.13381769450435e-05,-0.295472315973024,0.641,0.721,1,"Naive CD4 T","GMFG"
"JTB",8.14107763865359e-05,-0.325200531453531,0.353,0.454,1,"Naive CD4 T","JTB"
"CAT",8.30796868463686e-05,-0.341680230884555,0.095,0.157,1,"Naive CD4 T","CAT"
"RPL39",8.36033177212575e-05,0.39415355120079,0.323,0.258,1,"Naive CD4 T","RPL39"
"PPM1G",8.57858626899138e-05,-0.274248958631751,0.112,0.178,1,"Naive CD4 T","PPM1G"
"PMVK",9.71896273944507e-05,-0.274604459642278,0.098,0.163,1,"Naive CD4 T","PMVK"
"NUTF2",0.000107148709764496,-0.262055915708894,0.138,0.209,1,"Naive CD4 T","NUTF2"
"WASF2",0.000109191748348877,-0.275195954776313,0.143,0.215,1,"Naive CD4 T","WASF2"
"ATP5C1",0.000110108483300073,-0.346459824853801,0.25,0.333,1,"Naive CD4 T","ATP5C1"
"LETMD1",0.000110876045069331,0.264902480079672,0.125,0.078,1,"Naive CD4 T","LETMD1"
"RRP7A",0.000113168025761034,-0.267268808410537,0.065,0.117,1,"Naive CD4 T","RRP7A"
"NAP1L4",0.000116008246005005,0.258968305611297,0.172,0.118,1,"Naive CD4 T","NAP1L4"
"KARS",0.000116392789914833,-0.314171726704877,0.149,0.226,1,"Naive CD4 T","KARS"
"LYSMD2",0.000125981810987036,-0.262596577818279,0.145,0.218,1,"Naive CD4 T","LYSMD2"
"SNHG8",0.000126326913047247,0.453805580034248,0.298,0.234,1,"Naive CD4 T","SNHG8"
"CD53",0.000126712136271561,-0.338471976992991,0.491,0.568,1,"Naive CD4 T","CD53"
"NDUFS2",0.000131170366449282,-0.269467382580336,0.121,0.189,1,"Naive CD4 T","NDUFS2"
"TPGS1",0.000133563990388323,-0.289420000691393,0.079,0.137,1,"Naive CD4 T","TPGS1"
"NDUFS8",0.000141021071707586,-0.262291281141604,0.182,0.26,1,"Naive CD4 T","NDUFS8"
"PCBP1",0.000143290878190371,-0.318372343489973,0.393,0.484,1,"Naive CD4 T","PCBP1"
"CMTM3",0.000146461343050495,-0.283524257940169,0.11,0.175,1,"Naive CD4 T","CMTM3"
"ANAPC11",0.000152890967141739,-0.269078954236912,0.189,0.268,1,"Naive CD4 T","ANAPC11"
"DOCK8",0.000153619488297087,-0.255692996969011,0.088,0.144,1,"Naive CD4 T","DOCK8"
"IFI44",0.000155021998462883,-0.250666976885641,0.07,0.125,1,"Naive CD4 T","IFI44"
"GABARAPL2",0.000174377582257056,-0.311223860456643,0.3,0.389,1,"Naive CD4 T","GABARAPL2"
"SPG21",0.00017512406052938,-0.251022643458478,0.126,0.194,1,"Naive CD4 T","SPG21"
"RNPEPL1",0.000176286403506834,-0.252840447190619,0.085,0.142,1,"Naive CD4 T","RNPEPL1"
"RAB2A",0.00018171925997402,-0.30614626737914,0.121,0.187,1,"Naive CD4 T","RAB2A"
"BEX4",0.000189007970676651,0.442636579846314,0.152,0.102,1,"Naive CD4 T","BEX4"
"CITED2",0.000191136647230782,0.350719302709556,0.273,0.213,1,"Naive CD4 T","CITED2"
"POLR2E",0.000195633521287314,-0.331669716753071,0.116,0.18,1,"Naive CD4 T","POLR2E"
"ACTR3",0.000214432597558762,-0.265823953792954,0.353,0.437,1,"Naive CD4 T","ACTR3"
"PFDN2",0.000222023331300304,-0.34572405408272,0.145,0.214,1,"Naive CD4 T","PFDN2"
"AAMP",0.000229545775985794,-0.26305999660393,0.077,0.131,1,"Naive CD4 T","AAMP"
"DENND2D",0.000255323361986556,0.431389890940784,0.202,0.145,1,"Naive CD4 T","DENND2D"
"SLC38A1",0.000259981608087683,0.272817425903102,0.161,0.11,1,"Naive CD4 T","SLC38A1"
"DERL1",0.000262867681739493,-0.333690966180606,0.069,0.121,1,"Naive CD4 T","DERL1"
"PIM2",0.000277743441154065,0.313768247323623,0.192,0.137,1,"Naive CD4 T","PIM2"
"TINF2",0.000291225335535788,-0.307341360216667,0.095,0.15,1,"Naive CD4 T","TINF2"
"TAOK3",0.000312956275467518,-0.287301004725119,0.083,0.137,1,"Naive CD4 T","TAOK3"
"POLR2F",0.000355301835870382,-0.250624736257289,0.131,0.193,1,"Naive CD4 T","POLR2F"
"STRA13",0.000356782444522867,-0.265906855389416,0.072,0.123,1,"Naive CD4 T","STRA13"
"GMPR2",0.000371983081782822,-0.266465441531589,0.083,0.138,1,"Naive CD4 T","GMPR2"
"CAPZA2",0.000379184081926038,-0.340711352094189,0.159,0.229,1,"Naive CD4 T","CAPZA2"
"BIN1",0.000396638089537614,0.261692993275929,0.3,0.233,1,"Naive CD4 T","BIN1"
"ANXA6",0.000400421696347535,-0.318617691180868,0.241,0.315,1,"Naive CD4 T","ANXA6"
"CMPK1",0.000426015770349698,0.260352812609073,0.423,0.361,1,"Naive CD4 T","CMPK1"
"TMEM9B",0.000478760794609191,-0.274238104760773,0.143,0.208,1,"Naive CD4 T","TMEM9B"
"MTPN",0.000510293027996006,-0.261666251179226,0.092,0.145,1,"Naive CD4 T","MTPN"
"EIF3I",0.000545767657858951,-0.306066071678861,0.261,0.34,1,"Naive CD4 T","EIF3I"
"NDNL2",0.000571040395149631,0.438791646461294,0.207,0.153,1,"Naive CD4 T","NDNL2"
"PARP1",0.000577772699125676,0.262800292499543,0.079,0.129,1,"Naive CD4 T","PARP1"
"TOMM20",0.000584897735777996,0.271420508589169,0.31,0.257,1,"Naive CD4 T","TOMM20"
"EPB41L4A-AS1",0.000608847969342399,0.34939233138364,0.214,0.162,1,"Naive CD4 T","EPB41L4A-AS1"
"XXbac-BPG299F13.17",0.000618793147801939,0.453477020268865,0.164,0.116,1,"Naive CD4 T","XXbac-BPG299F13.17"
"HSP90AA1",0.000668067455590309,-0.288391199918942,0.479,0.558,1,"Naive CD4 T","HSP90AA1"
"PSMD5-AS1",0.000682803699383149,0.280481037046015,0.146,0.1,1,"Naive CD4 T","PSMD5-AS1"
"TMC8",0.00073173747076263,0.258481502333672,0.171,0.123,1,"Naive CD4 T","TMC8"
"DDX18",0.000741220565040289,0.284754796310178,0.212,0.161,1,"Naive CD4 T","DDX18"
"GPX4",0.000748797283656947,-0.289833228465133,0.508,0.557,1,"Naive CD4 T","GPX4"
"CHMP4A",0.000764462097637564,-0.367017606155043,0.253,0.333,1,"Naive CD4 T","CHMP4A"
"CTSA",0.000827854016445199,-0.295246722367494,0.11,0.166,1,"Naive CD4 T","CTSA"
"CDC25B",0.000877531610829409,0.284445227026652,0.118,0.078,1,"Naive CD4 T","CDC25B"
"C19orf24",0.000948006016908982,-0.25380609512307,0.143,0.205,1,"Naive CD4 T","C19orf24"
"PARL",0.00102002262611699,-0.293528343345944,0.092,0.142,1,"Naive CD4 T","PARL"
"ORMDL2",0.00107502253305206,-0.253920859709683,0.063,0.107,1,"Naive CD4 T","ORMDL2"
"SAP18",0.00108934307407559,-0.277154867263824,0.436,0.495,1,"Naive CD4 T","SAP18"
"SMAP2",0.00110669727460703,-0.275402798571651,0.119,0.177,1,"Naive CD4 T","SMAP2"
"FAM32A",0.00116245190091283,-0.272547706507674,0.103,0.157,1,"Naive CD4 T","FAM32A"
"SON",0.00134633469773883,0.313565598532363,0.349,0.302,1,"Naive CD4 T","SON"
"SF1",0.00139559202076122,0.279819828123066,0.344,0.293,1,"Naive CD4 T","SF1"
"CNPY2",0.00142728102911179,-0.260117380099141,0.138,0.193,1,"Naive CD4 T","CNPY2"
"GATA3",0.00160175885823252,0.303101687715333,0.106,0.07,1,"Naive CD4 T","GATA3"
"UXS1",0.001763569642473,0.28532217520357,0.105,0.069,1,"Naive CD4 T","UXS1"
"SLC9A3R1",0.00190519276928043,-0.262466947269705,0.126,0.178,1,"Naive CD4 T","SLC9A3R1"
"MAF1",0.00204420749364378,-0.278004445660571,0.182,0.245,1,"Naive CD4 T","MAF1"
"BNIP2",0.00229461949859981,-0.355928354867867,0.082,0.127,1,"Naive CD4 T","BNIP2"
"TMCO1",0.00233404641820452,-0.259975509671998,0.136,0.189,1,"Naive CD4 T","TMCO1"
"GADD45B",0.00241942679892031,-0.295698591919098,0.189,0.253,1,"Naive CD4 T","GADD45B"
"FGFR1OP2",0.00257560143838079,0.370656056503945,0.194,0.148,1,"Naive CD4 T","FGFR1OP2"
"TUBA1B",0.00281652213363409,-0.31541550258335,0.39,0.447,1,"Naive CD4 T","TUBA1B"
"NCOA4",0.00287700610220596,-0.37117435955861,0.108,0.157,1,"Naive CD4 T","NCOA4"
"MRPL43",0.0029937184862763,-0.269041173713377,0.136,0.19,1,"Naive CD4 T","MRPL43"
"FAM96B",0.00311741008482047,-0.340980678602948,0.218,0.279,1,"Naive CD4 T","FAM96B"
"LYRM4",0.00315792142931566,0.264246566136333,0.156,0.118,1,"Naive CD4 T","LYRM4"
"MARCKSL1",0.00324405938374892,-0.327148634596246,0.146,0.198,1,"Naive CD4 T","MARCKSL1"
"RBM3",0.00333366415195282,-0.291406513065842,0.591,0.663,1,"Naive CD4 T","RBM3"
"STAT3",0.00357886340591456,0.270815580989348,0.208,0.166,1,"Naive CD4 T","STAT3"
"SLC25A11",0.0037988602993034,-0.255040798615995,0.095,0.139,1,"Naive CD4 T","SLC25A11"
"TC2N",0.00394652586096119,0.272549920042985,0.132,0.095,1,"Naive CD4 T","TC2N"
"PPT1",0.00419148831431983,-0.259887956285903,0.151,0.208,1,"Naive CD4 T","PPT1"
"ZFAND1",0.00449384222902317,0.256486501392065,0.154,0.116,1,"Naive CD4 T","ZFAND1"
"UBAC2",0.00482015411265446,0.36329867403278,0.162,0.124,1,"Naive CD4 T","UBAC2"
"ADD3",0.00560108317842106,0.254964163579577,0.224,0.182,1,"Naive CD4 T","ADD3"
"CDC42EP3",0.00622424133529119,-0.263512585514323,0.093,0.135,1,"Naive CD4 T","CDC42EP3"
"SLA",0.00638345533672128,-0.333944399359437,0.067,0.104,1,"Naive CD4 T","SLA"
"MYADM",0.00641385371043378,-0.300782884974004,0.154,0.204,1,"Naive CD4 T","MYADM"
"PCNP",0.00659295014313297,0.355858554212132,0.286,0.247,1,"Naive CD4 T","PCNP"
"SIT1",0.0069620337007923,0.253446625088141,0.172,0.134,1,"Naive CD4 T","SIT1"
"CTSW",0.00715788491856904,-0.645650170038433,0.277,0.308,1,"Naive CD4 T","CTSW"
"SEPT1",0.00719849392653513,0.354928746895685,0.264,0.222,1,"Naive CD4 T","SEPT1"
"GIMAP2",0.00772803452289399,0.406806849336202,0.225,0.185,1,"Naive CD4 T","GIMAP2"
"ATXN10",0.00785557757026247,-0.263804947485993,0.096,0.137,1,"Naive CD4 T","ATXN10"
"SAMD3",0.00804818106131092,-0.334566755450986,0.09,0.127,1,"Naive CD4 T","SAMD3"
"KIF5B",0.00819942372080654,-0.333641850315343,0.142,0.192,1,"Naive CD4 T","KIF5B"
"CYB5B",0.00898927640606422,-0.263310811943449,0.07,0.105,1,"Naive CD4 T","CYB5B"
